order_id,customer_id,date,status
1,,2025-03-06,PLACED
2,512,2026-07-03,PLACED
3,528,2025-09-05,SHIPPED
4,299,2026-03-16,PLACED
5,362,2025-09-04,RETURNED
6,192,2025-03-29,DELIVERED
7,70,2026-06-23,PLACED
8,400,2026-04-27,PLACED
9,397,2026-01-18,DELIVERED
10,17,2026-01-01,PLACED
11,354,2025-09-04,PLACED
12,596,2025-12-07,SHIPPED
13,46,2025-12-27,DELIVERED
14,180,2026-04-21,RETURNED
15,187,2025-05-19,PLACED
16,469,2025-02-07,DELIVERED
17,207,2025-02-14,SHIPPED
18,43,2025-11-20,DELIVERED
19,528,2026-02-12,RETURNED
20,260,2025-02-07,SHIPPED
21,293,2026-01-01,PLACED
22,340,2025-10-07,PLACED
23,377,2026-03-24,RETURNED
24,451,2026-01-31,DELIVERED
25,,2026-05-24,RETURNED
26,377,2026-06-16,DELIVERED
27,,2026-03-11,PLACED
28,441,2025-07-04,DELIVERED
29,329,2025-04-16,PLACED
30,336,2025-10-30,DELIVERED
31,457,2026-03-13,SHIPPED
32,455,2025-12-26,RETURNED
33,44,2025-12-28,RETURNED
34,282,2025-02-28,PLACED
35,416,2026-01-08,SHIPPED
36,32,2025-05-27,RETURNED
37,36,2025-05-10,PLACED
38,242,2026-01-11,DELIVERED
39,393,2025-02-03,SHIPPED
40,461,2026-01-15,DELIVERED
41,455,2025-03-20,SHIPPED
42,543,2026-01-11,RETURNED
43,322,2025-10-13,SHIPPED
44,117,2025-01-27,SHIPPED
45,512,2026-06-15,RETURNED
46,576,2025-05-01,DELIVERED
47,267,2026-04-02,SHIPPED
48,293,2026-05-18,SHIPPED
49,126,2025-05-19,PLACED
50,463,2025-06-26,RETURNED
51,90,2025-11-24,DELIVERED
52,67,2025-10-25,DELIVERED
53,162,2025-06-28,DELIVERED
54,521,2025-08-18,PLACED
55,206,2025-05-23,SHIPPED
56,506,2025-01-27,DELIVERED
57,568,2026-01-13,RETURNED
58,565,2025-05-13,PLACED
59,68,2025-11-13,RETURNED
60,491,2026-06-23,RETURNED
61,420,2025-03-17,SHIPPED
62,325,2025-03-17,RETURNED
63,478,2026-06-14,DELIVERED
64,132,2025-07-06,SHIPPED
65,444,2026-05-30,PLACED
66,128,2026-06-15,SHIPPED
67,312,2025-06-18,SHIPPED
68,331,2025-08-19,DELIVERED
69,532,2025-10-18,PLACED
70,257,2025-07-21,DELIVERED
71,129,2025-11-07,PLACED
72,515,2025-06-22,SHIPPED
73,176,2025-12-12,PLACED
74,30,2025-03-25,PLACED
75,591,2025-09-29,SHIPPED
76,586,2026-03-03,PLACED
77,510,2025-10-24,DELIVERED
78,495,2025-09-08,RETURNED
79,305,2026-04-10,PLACED
80,62,2025-06-11,RETURNED
81,426,2026-05-11,RETURNED
82,209,2025-12-15,SHIPPED
83,321,2025-11-23,DELIVERED
84,409,2025-05-14,DELIVERED
85,528,2025-04-19,DELIVERED
86,248,2026-04-23,PLACED
87,274,2026-04-06,SHIPPED
88,145,2025-04-10,PLACED
89,298,2026-01-29,RETURNED
90,255,2025-06-13,DELIVERED
91,592,2025-11-17,SHIPPED
92,164,2026-05-26,RETURNED
93,511,2025-11-12,RETURNED
94,24,2025-04-03,RETURNED
95,518,2026-04-14,SHIPPED
96,221,2025-12-28,PLACED
97,52,2025-10-16,RETURNED
98,482,2025-10-20,PLACED
99,111,2026-03-18,SHIPPED
100,271,2026-01-10,RETURNED
101,,2025-02-16,RETURNED
102,53,2025-07-19,DELIVERED
103,567,2025-10-23,PLACED
104,396,2026-06-01,RETURNED
105,564,2025-10-14,PLACED
106,132,2025-04-10,RETURNED
107,383,2025-12-14,DELIVERED
108,148,2025-07-23,RETURNED
109,,2025-02-11,PLACED
110,40,2025-05-21,DELIVERED
111,486,2026-06-16,RETURNED
112,153,2026-06-12,SHIPPED
113,336,2025-11-23,SHIPPED
114,,2025-11-03,DELIVERED
115,520,2026-06-06,RETURNED
116,577,2025-11-03,RETURNED
117,18,2026-01-13,DELIVERED
118,113,2026-03-03,DELIVERED
119,28,2026-05-01,DELIVERED
120,593,2025-08-22,PLACED
121,598,2026-05-07,SHIPPED
122,537,2026-01-25,SHIPPED
123,249,2025-02-02,PLACED
124,196,2025-01-20,RETURNED
125,322,2026-03-05,SHIPPED
126,423,2025-07-28,RETURNED
127,514,2026-04-28,PLACED
128,142,2026-06-16,SHIPPED
129,575,2025-11-29,RETURNED
130,539,2026-01-21,DELIVERED
131,178,2026-04-16,DELIVERED
132,560,2025-12-29,DELIVERED
133,496,2025-07-16,SHIPPED
134,286,2025-11-02,SHIPPED
135,305,2025-10-23,SHIPPED
136,501,2025-11-21,RETURNED
137,358,2025-10-08,DELIVERED
138,125,2026-01-24,RETURNED
139,354,2025-05-30,DELIVERED
140,44,2025-10-22,PLACED
141,355,2026-03-29,DELIVERED
142,491,2025-08-08,SHIPPED
143,552,2025-10-05,DELIVERED
144,141,2025-04-22,SHIPPED
145,249,2025-02-21,SHIPPED
146,239,2025-02-23,PLACED
147,424,2025-12-05,RETURNED
148,103,2025-05-21,PLACED
149,564,2025-06-11,RETURNED
150,488,2026-05-04,SHIPPED
151,295,2025-11-25,DELIVERED
152,61,2025-04-02,SHIPPED
153,548,2025-02-08,SHIPPED
154,428,2025-06-30,PLACED
155,407,2026-05-23,SHIPPED
156,297,2025-02-08,PLACED
157,306,2025-04-20,DELIVERED
158,292,2026-04-11,RETURNED
159,138,2026-06-01,RETURNED
160,280,2025-07-17,PLACED
161,339,2025-06-16,RETURNED
162,264,2025-07-10,PLACED
163,346,2025-10-30,SHIPPED
164,180,2026-02-20,RETURNED
165,528,2025-12-02,PLACED
166,411,2025-04-08,SHIPPED
167,144,2026-05-04,DELIVERED
168,255,2025-01-07,DELIVERED
169,393,2025-08-30,RETURNED
170,274,2025-12-04,DELIVERED
171,597,2025-01-12,DELIVERED
172,369,2025-08-30,PLACED
173,122,2026-04-22,DELIVERED
174,164,2026-02-20,DELIVERED
175,121,2025-10-30,DELIVERED
176,227,2025-08-13,SHIPPED
177,490,2025-06-06,RETURNED
178,383,2026-03-02,RETURNED
179,551,2025-08-12,SHIPPED
180,84,2026-06-23,RETURNED
181,541,2026-01-06,PLACED
182,578,2025-04-25,PLACED
183,561,2026-06-02,SHIPPED
184,587,2026-07-04,SHIPPED
185,169,2025-12-02,RETURNED
186,120,2025-07-30,RETURNED
187,94,2026-06-07,RETURNED
188,57,2026-04-10,SHIPPED
189,526,2026-03-02,RETURNED
190,578,2025-03-01,RETURNED
191,316,2025-01-23,RETURNED
192,261,2025-01-04,SHIPPED
193,593,2025-03-16,PLACED
194,434,2025-12-19,PLACED
195,555,2025-03-03,PLACED
196,484,2025-02-02,DELIVERED
197,419,2025-07-04,SHIPPED
198,431,2026-01-19,RETURNED
199,460,2026-01-22,RETURNED
200,83,2025-05-17,DELIVERED
201,122,2025-07-02,RETURNED
202,542,2025-05-11,SHIPPED
203,4,2025-01-24,DELIVERED
204,475,2026-03-11,RETURNED
205,236,2025-09-11,RETURNED
206,355,2025-06-08,DELIVERED
207,194,2025-04-26,PLACED
208,430,2025-01-17,SHIPPED
209,212,2025-03-10,PLACED
210,35,2026-04-03,PLACED
211,251,2025-02-15,RETURNED
212,450,2025-08-28,SHIPPED
213,58,2025-05-24,DELIVERED
214,240,2025-11-23,DELIVERED
215,243,2025-11-06,SHIPPED
216,534,2025-08-15,RETURNED
217,308,2025-10-09,PLACED
218,,2025-06-29,RETURNED
219,570,2026-05-23,PLACED
220,,2026-01-26,DELIVERED
221,427,2026-02-23,SHIPPED
222,308,2026-01-21,SHIPPED
223,,2026-04-30,SHIPPED
224,231,2025-11-04,SHIPPED
225,,2025-03-01,RETURNED
226,427,2026-06-27,SHIPPED
227,398,2025-09-06,DELIVERED
228,,2025-12-05,PLACED
229,461,2026-01-15,PLACED
230,549,2025-07-15,PLACED
231,275,2026-01-22,PLACED
232,75,2025-07-12,SHIPPED
233,491,2025-08-02,DELIVERED
234,311,2025-01-16,SHIPPED
235,195,2025-05-01,RETURNED
236,249,2025-07-29,RETURNED
237,246,2025-11-26,DELIVERED
238,390,2026-04-23,DELIVERED
239,316,2025-09-25,DELIVERED
240,526,2026-05-25,RETURNED
241,101,2026-04-26,DELIVERED
242,209,2026-01-15,DELIVERED
243,424,2025-02-16,SHIPPED
244,150,2025-01-17,DELIVERED
245,567,2026-03-04,DELIVERED
246,157,2025-07-20,DELIVERED
247,236,2026-01-24,SHIPPED
248,512,2025-12-12,DELIVERED
249,501,2026-05-18,RETURNED
250,,2025-12-27,SHIPPED
251,144,2026-05-16,SHIPPED
252,556,2025-03-02,PLACED
253,77,2025-02-19,PLACED
254,423,2025-05-21,SHIPPED
255,70,2025-06-04,PLACED
256,224,2026-06-02,RETURNED
257,383,2025-03-03,RETURNED
258,500,2025-01-17,PLACED
259,545,2026-02-26,PLACED
260,18,2026-06-27,DELIVERED
261,549,2025-10-21,PLACED
262,515,2026-03-17,SHIPPED
263,110,2025-04-09,SHIPPED
264,247,2025-07-16,DELIVERED
265,363,2025-10-01,RETURNED
266,81,2026-01-18,RETURNED
267,471,2025-09-07,SHIPPED
268,308,2025-03-24,PLACED
269,96,2026-02-20,RETURNED
270,387,2026-05-03,PLACED
271,10,2025-06-25,PLACED
272,512,2026-03-21,DELIVERED
273,580,2025-04-08,PLACED
274,236,2025-08-05,RETURNED
275,278,2025-02-17,PLACED
276,,2025-02-03,SHIPPED
277,323,2025-01-17,SHIPPED
278,148,2026-02-12,PLACED
279,307,2025-06-16,SHIPPED
280,581,2026-02-03,DELIVERED
281,394,2025-05-24,PLACED
282,513,2025-12-21,PLACED
283,101,2026-03-24,SHIPPED
284,78,2025-12-15,RETURNED
285,335,2025-01-31,DELIVERED
286,462,2026-05-18,SHIPPED
287,365,2026-01-20,RETURNED
288,191,2026-01-25,PLACED
289,303,2025-09-10,PLACED
290,85,2025-10-02,SHIPPED
291,390,2025-06-07,RETURNED
292,325,2026-01-05,PLACED
293,94,2025-01-06,DELIVERED
294,456,2026-01-04,DELIVERED
295,105,2025-05-16,PLACED
296,192,2026-03-18,RETURNED
297,571,2026-06-09,RETURNED
298,106,2025-01-27,PLACED
299,363,2025-04-06,DELIVERED
300,395,2025-01-13,DELIVERED
301,424,2026-02-02,PLACED
302,573,2025-09-06,SHIPPED
303,390,2025-06-23,SHIPPED
304,276,2025-11-05,DELIVERED
305,505,2025-05-30,PLACED
306,172,2026-03-22,DELIVERED
307,432,2025-11-03,RETURNED
308,79,2026-01-05,DELIVERED
309,253,2026-05-23,SHIPPED
310,469,2025-04-20,SHIPPED
311,312,2025-01-07,RETURNED
312,341,2026-01-25,DELIVERED
313,451,2025-12-09,RETURNED
314,140,2025-11-04,DELIVERED
315,206,2026-05-06,DELIVERED
316,182,2026-02-12,DELIVERED
317,299,2026-05-18,SHIPPED
318,334,2026-01-21,DELIVERED
319,403,2026-01-09,PLACED
320,578,2025-07-24,SHIPPED
321,564,2025-01-28,RETURNED
322,215,2026-03-25,DELIVERED
323,71,2026-02-23,RETURNED
324,143,2025-11-07,SHIPPED
325,259,2025-06-07,RETURNED
326,387,2025-03-17,RETURNED
327,491,2026-02-15,RETURNED
328,557,2025-02-07,DELIVERED
329,550,2025-03-29,PLACED
330,255,2025-12-30,SHIPPED
331,46,2026-02-14,DELIVERED
332,441,2025-04-19,PLACED
333,101,2025-09-22,SHIPPED
334,523,2026-06-16,SHIPPED
335,457,2026-01-19,RETURNED
336,475,2026-05-28,SHIPPED
337,354,2025-01-26,RETURNED
338,108,2025-10-30,RETURNED
339,88,2025-04-29,SHIPPED
340,357,2025-11-16,DELIVERED
341,467,2025-07-31,RETURNED
342,357,2026-05-03,PLACED
343,449,2026-04-09,DELIVERED
344,69,2025-11-04,PLACED
345,118,2025-01-24,DELIVERED
346,112,2025-06-18,SHIPPED
347,,2025-06-28,SHIPPED
348,339,2026-03-13,RETURNED
349,238,2026-02-19,SHIPPED
350,191,2026-03-19,RETURNED
351,,2025-07-22,RETURNED
352,440,2026-02-03,PLACED
353,220,2025-07-30,DELIVERED
354,65,2025-04-15,SHIPPED
355,375,2025-11-30,SHIPPED
356,469,2025-04-27,DELIVERED
357,502,2026-06-25,DELIVERED
358,398,2026-02-06,PLACED
359,357,2025-12-27,RETURNED
360,177,2025-11-01,PLACED
361,138,2025-11-17,PLACED
362,245,2025-11-09,PLACED
363,,2026-01-18,SHIPPED
364,524,2026-02-02,RETURNED
365,142,2026-01-28,RETURNED
366,191,2026-05-14,SHIPPED
367,569,2025-06-20,RETURNED
368,296,2025-05-24,SHIPPED
369,323,2026-04-07,PLACED
370,368,2025-01-10,RETURNED
371,140,2025-07-19,RETURNED
372,576,2026-06-02,RETURNED
373,419,2026-05-19,RETURNED
374,455,2026-05-16,SHIPPED
375,85,2025-02-01,SHIPPED
376,300,2025-02-03,DELIVERED
377,231,2026-07-05,DELIVERED
378,173,2026-04-14,RETURNED
379,563,2026-06-08,PLACED
380,587,2025-04-27,DELIVERED
381,557,2026-01-11,PLACED
382,452,2025-08-12,RETURNED
383,105,2025-09-11,DELIVERED
384,34,2026-04-06,DELIVERED
385,357,2025-03-31,RETURNED
386,121,2025-08-31,SHIPPED
387,360,2026-03-15,SHIPPED
388,143,2025-07-31,SHIPPED
389,61,2025-12-26,DELIVERED
390,552,2025-06-22,DELIVERED
391,300,2025-10-24,DELIVERED
392,527,2025-04-08,SHIPPED
393,422,2025-03-02,DELIVERED
394,,2025-05-16,SHIPPED
395,150,2025-11-26,SHIPPED
396,403,2026-05-17,SHIPPED
397,,2025-10-03,RETURNED
398,385,2026-04-08,PLACED
399,,2026-02-17,DELIVERED
400,378,2026-04-11,RETURNED
401,336,2025-01-03,PLACED
402,,2026-01-02,PLACED
403,548,2026-02-12,SHIPPED
404,440,2025-08-05,RETURNED
405,275,2025-11-27,DELIVERED
406,346,2025-05-14,RETURNED
407,352,2025-02-19,PLACED
408,102,2026-04-16,PLACED
409,128,2025-06-11,RETURNED
410,468,2025-01-01,RETURNED
411,208,2025-05-16,DELIVERED
412,163,2025-10-08,PLACED
413,370,2025-09-14,PLACED
414,381,2025-06-19,PLACED
415,406,2025-11-09,SHIPPED
416,440,2025-04-04,PLACED
417,2,2025-08-07,RETURNED
418,80,2025-05-16,SHIPPED
419,532,2026-04-01,PLACED
420,9,2025-12-18,PLACED
421,433,2025-05-16,RETURNED
422,73,2025-08-23,RETURNED
423,92,2025-04-15,PLACED
424,321,2026-01-12,DELIVERED
425,,2026-01-27,SHIPPED
426,147,2025-03-12,PLACED
427,169,2026-03-27,DELIVERED
428,219,2025-06-05,RETURNED
429,454,2025-08-11,PLACED
430,103,2025-05-24,PLACED
431,394,2025-12-26,RETURNED
432,323,2025-05-24,SHIPPED
433,284,2025-03-28,SHIPPED
434,567,2025-10-19,PLACED
435,309,2025-07-30,SHIPPED
436,402,2025-10-30,PLACED
437,246,2026-05-22,RETURNED
438,116,2025-09-04,RETURNED
439,,2026-06-25,PLACED
440,370,2025-11-21,SHIPPED
441,397,2026-03-07,DELIVERED
442,560,2025-06-26,RETURNED
443,75,2025-01-18,PLACED
444,15,2025-09-26,SHIPPED
445,41,2025-03-03,RETURNED
446,519,2025-10-21,RETURNED
447,434,2026-02-16,PLACED
448,550,2026-07-05,SHIPPED
449,285,2025-03-27,DELIVERED
450,81,2026-06-08,SHIPPED
451,160,2026-07-04,DELIVERED
452,401,2025-03-09,DELIVERED
453,448,2025-09-02,PLACED
454,251,2025-03-30,RETURNED
455,119,2026-04-10,PLACED
456,317,2025-06-29,PLACED
457,13,2025-05-21,PLACED
458,168,2026-05-24,DELIVERED
459,536,2026-06-14,DELIVERED
460,171,2026-01-16,SHIPPED
461,276,2025-05-01,PLACED
462,344,2026-03-16,DELIVERED
463,537,2025-03-07,DELIVERED
464,591,2025-03-20,RETURNED
465,467,2026-06-08,DELIVERED
466,57,2026-05-27,SHIPPED
467,377,2025-06-11,DELIVERED
468,106,2025-04-29,SHIPPED
469,522,2025-01-03,PLACED
470,,2025-09-08,PLACED
471,484,2026-01-08,RETURNED
472,154,2025-07-03,PLACED
473,567,2026-03-06,SHIPPED
474,330,2025-09-12,RETURNED
475,328,2025-10-05,PLACED
476,586,2026-01-17,PLACED
477,515,2025-02-23,SHIPPED
478,229,2026-06-13,PLACED
479,411,2025-03-12,RETURNED
480,290,2025-11-15,DELIVERED
481,89,2026-04-13,PLACED
482,378,2025-07-25,DELIVERED
483,578,2025-11-08,SHIPPED
484,476,2026-01-13,RETURNED
485,201,2025-09-09,SHIPPED
486,7,2026-02-24,PLACED
487,239,2025-12-21,PLACED
488,344,2025-01-02,RETURNED
489,315,2025-04-17,SHIPPED
490,543,2025-09-01,RETURNED
491,504,2025-03-03,SHIPPED
492,287,2025-04-06,PLACED
493,238,2026-06-17,RETURNED
494,382,2026-04-15,PLACED
495,595,2025-04-08,SHIPPED
496,,2025-03-18,PLACED
497,446,2025-05-14,SHIPPED
498,,2025-09-25,DELIVERED
499,,2025-12-01,DELIVERED
500,464,2025-10-06,SHIPPED
501,77,2025-07-27,SHIPPED
502,599,2025-04-22,SHIPPED
503,109,2025-06-18,RETURNED
504,478,2025-11-18,RETURNED
505,,2026-07-03,DELIVERED
506,213,2026-04-08,DELIVERED
507,475,2025-09-29,PLACED
508,93,2025-06-11,DELIVERED
509,42,2025-08-09,DELIVERED
510,152,2025-04-04,SHIPPED
511,365,2026-02-10,PLACED
512,307,2025-09-24,SHIPPED
513,32,2026-02-19,RETURNED
514,570,2025-09-13,PLACED
515,474,2025-04-15,SHIPPED
516,,2025-01-13,PLACED
517,228,2025-05-14,SHIPPED
518,411,2026-01-17,PLACED
519,597,2025-09-23,PLACED
520,23,2025-03-08,SHIPPED
521,455,2025-05-12,PLACED
522,,2025-05-06,PLACED
523,473,2025-02-21,SHIPPED
524,588,2026-03-20,RETURNED
525,509,2025-01-31,RETURNED
526,437,2025-06-26,DELIVERED
527,220,2025-07-11,DELIVERED
528,287,2026-04-02,SHIPPED
529,36,2025-09-09,DELIVERED
530,511,2026-02-26,RETURNED
531,63,2025-03-31,DELIVERED
532,393,2025-05-21,RETURNED
533,205,2026-06-23,SHIPPED
534,557,2025-01-20,RETURNED
535,368,2026-05-07,RETURNED
536,353,2026-05-30,DELIVERED
537,398,2025-10-04,SHIPPED
538,27,2025-11-23,SHIPPED
539,31,2025-10-15,PLACED
540,484,2026-06-27,DELIVERED
541,599,2025-08-27,SHIPPED
542,103,2025-09-11,SHIPPED
543,273,2026-07-01,PLACED
544,225,2026-02-02,DELIVERED
545,178,2025-06-30,SHIPPED
546,326,2026-01-03,PLACED
547,361,2025-05-26,SHIPPED
548,505,2025-11-13,SHIPPED
549,503,2025-02-08,PLACED
550,58,2025-08-27,SHIPPED
551,21,2026-06-24,RETURNED
552,1,2025-12-06,SHIPPED
553,134,2025-12-15,SHIPPED
554,332,2025-03-02,PLACED
555,152,2025-05-26,PLACED
556,,2026-01-09,PLACED
557,383,2026-02-10,PLACED
558,345,2025-11-06,DELIVERED
559,,2025-06-11,RETURNED
560,499,2025-11-21,SHIPPED
561,576,2026-01-01,SHIPPED
562,180,2026-01-23,DELIVERED
563,302,2025-05-11,SHIPPED
564,2,2026-02-05,PLACED
565,187,2025-11-22,SHIPPED
566,580,2025-04-17,RETURNED
567,145,2025-12-06,PLACED
568,,2025-12-22,DELIVERED
569,172,2025-04-01,DELIVERED
570,458,2025-01-12,DELIVERED
571,,2025-09-13,PLACED
572,359,2025-09-20,PLACED
573,2,2025-02-19,RETURNED
574,449,2026-03-06,SHIPPED
575,424,2026-05-20,RETURNED
576,,2026-01-20,PLACED
577,491,2025-08-19,SHIPPED
578,463,2025-03-17,PLACED
579,302,2025-01-21,DELIVERED
580,268,2025-04-18,PLACED
581,351,2025-06-24,RETURNED
582,165,2025-03-18,PLACED
583,347,2026-05-10,PLACED
584,442,2025-06-18,RETURNED
585,161,2025-02-24,PLACED
586,340,2025-07-30,SHIPPED
587,420,2025-09-29,DELIVERED
588,305,2025-09-01,PLACED
589,51,2026-02-07,RETURNED
590,158,2025-02-25,DELIVERED
591,,2026-03-14,PLACED
592,302,2026-05-07,SHIPPED
593,100,2025-01-27,SHIPPED
594,175,2025-10-26,PLACED
595,485,2025-04-29,DELIVERED
596,408,2026-04-28,RETURNED
597,272,2025-04-04,RETURNED
598,190,2026-01-15,RETURNED
599,379,2025-07-11,RETURNED
600,,2025-09-27,RETURNED
601,477,2025-09-27,SHIPPED
602,276,2025-03-05,SHIPPED
603,100,2025-03-29,DELIVERED
604,555,2026-02-28,SHIPPED
605,567,2025-03-04,RETURNED
606,536,2026-03-05,RETURNED
607,587,2025-08-30,RETURNED
608,307,2025-03-22,RETURNED
609,36,2026-05-30,SHIPPED
610,124,2026-04-05,SHIPPED
611,172,2025-08-05,SHIPPED
612,130,2025-02-13,RETURNED
613,81,2026-03-22,SHIPPED
614,152,2025-09-22,DELIVERED
615,69,2025-03-31,RETURNED
616,570,2026-02-11,DELIVERED
617,283,2026-06-17,RETURNED
618,13,2026-06-20,RETURNED
619,116,2026-03-01,SHIPPED
620,152,2025-04-13,PLACED
621,577,2025-04-14,DELIVERED
622,549,2025-12-19,RETURNED
623,271,2026-01-28,RETURNED
624,586,2026-04-30,PLACED
625,177,2025-10-10,RETURNED
626,148,2026-02-16,PLACED
627,,2025-12-06,SHIPPED
628,51,2026-05-02,DELIVERED
629,382,2025-01-21,DELIVERED
630,311,2025-11-15,DELIVERED
631,504,2025-04-11,SHIPPED
632,138,2025-11-04,RETURNED
633,329,2025-10-03,RETURNED
634,,2025-07-12,RETURNED
635,217,2026-02-21,RETURNED
636,529,2026-01-18,PLACED
637,528,2025-06-12,PLACED
638,319,2026-06-03,RETURNED
639,139,2026-06-21,PLACED
640,178,2025-07-17,SHIPPED
641,60,2025-09-13,PLACED
642,468,2025-02-21,DELIVERED
643,204,2025-10-08,DELIVERED
644,476,2026-06-02,RETURNED
645,127,2025-02-01,SHIPPED
646,382,2026-05-16,RETURNED
647,182,2026-05-01,DELIVERED
648,353,2025-06-17,DELIVERED
649,93,2025-10-19,PLACED
650,396,2025-02-20,SHIPPED
651,586,2025-08-08,SHIPPED
652,231,2025-07-31,DELIVERED
653,420,2026-06-10,PLACED
654,10,2026-05-01,SHIPPED
655,178,2025-01-09,SHIPPED
656,259,2025-11-09,DELIVERED
657,434,2026-01-21,DELIVERED
658,471,2025-09-16,SHIPPED
659,478,2025-11-06,RETURNED
660,599,2025-04-15,PLACED
661,524,2026-01-19,DELIVERED
662,306,2025-04-21,RETURNED
663,66,2025-12-11,DELIVERED
664,333,2025-10-11,DELIVERED
665,306,2025-07-12,SHIPPED
666,530,2025-09-04,PLACED
667,414,2025-11-24,SHIPPED
668,27,2026-05-25,DELIVERED
669,266,2026-03-05,RETURNED
670,398,2025-02-06,SHIPPED
671,352,2025-08-16,RETURNED
672,368,2026-06-04,DELIVERED
673,175,2025-07-05,DELIVERED
674,100,2026-04-28,SHIPPED
675,265,2025-07-07,DELIVERED
676,92,2025-08-16,DELIVERED
677,229,2025-11-11,RETURNED
678,340,2026-01-16,DELIVERED
679,600,2025-10-29,RETURNED
680,121,2026-04-27,PLACED
681,598,2025-03-14,RETURNED
682,200,2026-05-28,PLACED
683,391,2026-06-27,DELIVERED
684,424,2025-02-25,SHIPPED
685,141,2025-07-25,DELIVERED
686,420,2026-04-14,SHIPPED
687,324,2025-07-04,PLACED
688,500,2025-12-07,SHIPPED
689,321,2025-03-01,PLACED
690,463,2025-10-08,SHIPPED
691,173,2025-06-12,RETURNED
692,91,2025-05-13,RETURNED
693,440,2026-02-18,RETURNED
694,489,2026-01-28,PLACED
695,39,2026-07-01,SHIPPED
696,383,2025-01-15,DELIVERED
697,544,2025-07-15,PLACED
698,5,2025-09-12,SHIPPED
699,353,2025-11-16,SHIPPED
700,106,2026-01-28,DELIVERED
701,172,2025-03-08,PLACED
702,306,2025-10-25,RETURNED
703,533,2026-06-21,DELIVERED
704,445,2025-05-18,DELIVERED
705,502,2026-01-03,SHIPPED
706,169,2026-02-18,PLACED
707,234,2025-08-18,SHIPPED
708,217,2025-01-23,SHIPPED
709,127,2026-01-11,PLACED
710,,2025-09-19,PLACED
711,50,2025-04-21,PLACED
712,50,2025-04-29,RETURNED
713,455,2026-01-25,PLACED
714,561,2025-09-16,RETURNED
715,157,2025-07-30,PLACED
716,309,2026-03-07,PLACED
717,533,2025-10-04,SHIPPED
718,429,2025-04-18,PLACED
719,290,2025-04-27,PLACED
720,510,2025-07-23,SHIPPED
721,270,2026-06-20,SHIPPED
722,367,2026-02-24,DELIVERED
723,165,2025-02-10,RETURNED
724,213,2026-05-08,DELIVERED
725,241,2025-01-03,PLACED
726,92,2025-04-24,RETURNED
727,153,2025-04-03,PLACED
728,104,2025-09-20,SHIPPED
729,468,2025-10-31,DELIVERED
730,476,2025-02-21,PLACED
731,179,2025-02-10,DELIVERED
732,369,2025-11-17,RETURNED
733,119,2025-04-08,PLACED
734,10,2025-05-22,SHIPPED
735,337,2026-01-02,RETURNED
736,275,2025-04-06,DELIVERED
737,351,2025-07-07,PLACED
738,411,2026-02-14,RETURNED
739,279,2026-01-30,RETURNED
740,432,2025-06-20,PLACED
741,136,2025-03-02,SHIPPED
742,107,2026-03-03,RETURNED
743,583,2026-03-25,SHIPPED
744,389,2026-01-03,PLACED
745,134,2026-05-10,RETURNED
746,116,2026-02-26,RETURNED
747,48,2025-03-06,DELIVERED
748,322,2025-01-13,SHIPPED
749,347,2026-06-16,PLACED
750,444,2025-09-12,RETURNED
751,355,2026-01-30,SHIPPED
752,,2025-02-25,PLACED
753,161,2026-06-02,RETURNED
754,,2025-06-19,PLACED
755,504,2025-11-25,SHIPPED
756,339,2025-10-12,PLACED
757,520,2025-08-17,RETURNED
758,413,2025-08-29,PLACED
759,471,2026-03-31,RETURNED
760,91,2026-05-26,RETURNED
761,324,2025-05-02,RETURNED
762,19,2025-04-16,RETURNED
763,423,2025-02-06,PLACED
764,94,2025-11-08,SHIPPED
765,468,2025-12-16,DELIVERED
766,56,2025-08-17,RETURNED
767,340,2026-04-30,DELIVERED
768,464,2025-04-27,PLACED
769,228,2025-01-03,DELIVERED
770,364,2025-10-26,DELIVERED
771,109,2025-02-16,SHIPPED
772,505,2025-05-24,RETURNED
773,110,2025-09-18,SHIPPED
774,193,2025-05-04,RETURNED
775,221,2026-04-14,SHIPPED
776,347,2025-04-21,RETURNED
777,48,2025-05-07,RETURNED
778,469,2026-06-01,SHIPPED
779,511,2025-01-05,PLACED
780,567,2026-03-20,RETURNED
781,521,2025-07-01,SHIPPED
782,132,2025-04-17,RETURNED
783,330,2026-06-01,RETURNED
784,429,2025-09-12,DELIVERED
785,408,2025-12-18,DELIVERED
786,464,2025-05-17,SHIPPED
787,423,2026-06-09,DELIVERED
788,561,2025-11-18,SHIPPED
789,206,2025-08-03,DELIVERED
790,354,2025-05-16,SHIPPED
791,516,2025-11-27,PLACED
792,361,2026-05-07,RETURNED
793,547,2025-10-20,RETURNED
794,14,2026-06-20,PLACED
795,26,2026-01-26,SHIPPED
796,55,2025-02-27,SHIPPED
797,274,2025-06-14,DELIVERED
798,257,2025-05-30,PLACED
799,303,2025-07-28,PLACED
800,368,2026-04-09,PLACED
801,576,2025-08-18,RETURNED
802,244,2026-06-08,DELIVERED
803,49,2026-01-26,RETURNED
804,427,2025-11-17,PLACED
805,14,2025-09-15,SHIPPED
806,454,2025-08-19,DELIVERED
807,560,2025-07-21,SHIPPED
808,302,2026-04-05,SHIPPED
809,77,2025-07-11,SHIPPED
810,527,2025-05-03,RETURNED
811,42,2026-03-15,DELIVERED
812,570,2025-09-28,SHIPPED
813,165,2025-09-19,PLACED
814,339,2026-04-23,SHIPPED
815,41,2025-06-07,DELIVERED
816,53,2025-11-05,RETURNED
817,587,2026-01-02,PLACED
818,,2026-06-23,SHIPPED
819,189,2026-06-18,PLACED
820,518,2025-06-13,RETURNED
821,557,2026-07-04,RETURNED
822,95,2025-12-24,SHIPPED
823,,2025-12-06,DELIVERED
824,370,2025-10-28,SHIPPED
825,544,2026-05-02,PLACED
826,118,2025-12-21,RETURNED
827,247,2025-09-07,PLACED
828,329,2026-01-26,PLACED
829,396,2025-09-20,DELIVERED
830,26,2026-06-14,DELIVERED
831,527,2026-06-05,RETURNED
832,499,2025-02-14,DELIVERED
833,198,2025-11-25,PLACED
834,99,2025-06-21,PLACED
835,68,2025-08-04,SHIPPED
836,435,2025-04-17,SHIPPED
837,,2026-03-22,PLACED
838,158,2025-01-25,RETURNED
839,340,2025-02-08,PLACED
840,,2025-02-25,SHIPPED
841,258,2025-03-14,SHIPPED
842,265,2026-02-22,RETURNED
843,462,2026-02-19,RETURNED
844,324,2025-01-18,RETURNED
845,122,2026-07-02,PLACED
846,65,2025-02-16,PLACED
847,367,2026-05-30,PLACED
848,297,2025-11-05,PLACED
849,289,2026-03-25,RETURNED
850,405,2025-02-01,RETURNED
851,161,2026-07-01,SHIPPED
852,140,2026-02-05,DELIVERED
853,148,2025-11-02,DELIVERED
854,12,2025-05-25,PLACED
855,43,2025-01-06,RETURNED
856,551,2025-03-29,DELIVERED
857,216,2025-12-19,SHIPPED
858,423,2026-06-09,SHIPPED
859,165,2025-07-08,SHIPPED
860,259,2025-07-18,PLACED
861,186,2025-02-25,RETURNED
862,563,2025-03-16,DELIVERED
863,69,2025-09-14,PLACED
864,203,2026-05-14,DELIVERED
865,366,2025-05-12,SHIPPED
866,103,2025-10-19,PLACED
867,199,2025-11-22,RETURNED
868,462,2025-12-03,DELIVERED
869,599,2025-06-06,DELIVERED
870,324,2026-03-15,SHIPPED
871,5,2025-11-17,SHIPPED
872,227,2026-03-23,DELIVERED
873,369,2025-05-18,DELIVERED
874,492,2026-04-19,RETURNED
875,368,2025-11-09,RETURNED
876,565,2025-04-22,SHIPPED
877,84,2025-10-15,SHIPPED
878,552,2025-07-21,DELIVERED
879,79,2025-03-19,PLACED
880,520,2025-02-01,RETURNED
881,218,2025-02-07,DELIVERED
882,557,2026-04-29,SHIPPED
883,375,2026-02-06,SHIPPED
884,298,2025-05-18,RETURNED
885,514,2026-06-07,PLACED
886,407,2026-01-08,PLACED
887,245,2025-06-19,SHIPPED
888,457,2025-06-13,SHIPPED
889,580,2025-05-30,RETURNED
890,368,2025-02-11,SHIPPED
891,500,2025-08-26,PLACED
892,271,2026-01-14,SHIPPED
893,44,2025-07-31,DELIVERED
894,398,2026-04-26,RETURNED
895,48,2025-02-10,DELIVERED
896,106,2026-06-18,DELIVERED
897,270,2025-06-28,RETURNED
898,388,2026-01-10,PLACED
899,530,2025-09-15,RETURNED
900,229,2026-06-13,RETURNED
901,362,2025-12-20,RETURNED
902,494,2025-01-07,SHIPPED
903,451,2025-06-19,SHIPPED
904,79,2026-06-11,DELIVERED
905,217,2025-06-03,SHIPPED
906,162,2026-01-06,PLACED
907,236,2026-03-01,DELIVERED
908,117,2026-05-09,RETURNED
909,491,2025-08-04,SHIPPED
910,421,2025-01-23,SHIPPED
911,45,2025-05-11,SHIPPED
912,138,2026-06-09,PLACED
913,587,2025-05-31,PLACED
914,171,2025-09-22,SHIPPED
915,530,2026-02-20,PLACED
916,,2025-03-29,SHIPPED
917,460,2026-04-28,RETURNED
918,175,2025-08-13,RETURNED
919,147,2025-07-06,DELIVERED
920,172,2025-12-17,RETURNED
921,71,2025-08-24,RETURNED
922,395,2025-05-16,PLACED
923,17,2025-07-27,RETURNED
924,154,2025-04-09,SHIPPED
925,488,2025-02-09,PLACED
926,96,2026-05-09,SHIPPED
927,553,2025-01-02,RETURNED
928,535,2026-03-07,DELIVERED
929,45,2026-06-27,RETURNED
930,235,2026-05-09,RETURNED
931,359,2025-04-11,RETURNED
932,138,2025-09-18,RETURNED
933,239,2025-03-27,DELIVERED
934,557,2026-02-23,DELIVERED
935,194,2025-01-06,PLACED
936,592,2026-06-20,PLACED
937,533,2025-01-08,RETURNED
938,211,2025-11-20,RETURNED
939,371,2025-04-20,SHIPPED
940,437,2025-09-17,DELIVERED
941,549,2026-03-10,DELIVERED
942,283,2026-02-11,SHIPPED
943,424,2026-05-10,SHIPPED
944,380,2026-05-11,DELIVERED
945,315,2025-12-19,RETURNED
946,142,2025-05-02,SHIPPED
947,458,2025-06-15,PLACED
948,220,2026-06-05,RETURNED
949,347,2025-02-23,SHIPPED
950,399,2025-01-06,PLACED
951,149,2026-04-28,RETURNED
952,91,2025-03-07,DELIVERED
953,228,2026-01-15,PLACED
954,39,2026-01-29,RETURNED
955,534,2025-10-21,PLACED
956,180,2026-05-22,RETURNED
957,11,2025-07-26,DELIVERED
958,200,2025-02-04,SHIPPED
959,174,2025-02-06,DELIVERED
960,245,2025-01-01,SHIPPED
961,89,2025-10-10,RETURNED
962,362,2026-02-09,RETURNED
963,,2026-06-15,PLACED
964,71,2025-04-03,DELIVERED
965,573,2025-12-23,DELIVERED
966,284,2025-08-20,SHIPPED
967,466,2026-02-18,PLACED
968,268,2025-06-29,RETURNED
969,519,2025-04-20,PLACED
970,516,2025-10-29,DELIVERED
971,120,2026-06-10,DELIVERED
972,551,2025-09-14,RETURNED
973,387,2026-05-11,SHIPPED
974,348,2026-04-15,RETURNED
975,29,2026-05-09,PLACED
976,265,2025-03-11,RETURNED
977,226,2025-08-24,DELIVERED
978,423,2025-12-28,PLACED
979,270,2025-09-12,DELIVERED
980,96,2026-02-13,DELIVERED
981,78,2025-07-02,RETURNED
982,322,2025-12-29,SHIPPED
983,588,2025-10-03,SHIPPED
984,195,2026-05-26,SHIPPED
985,241,2025-09-05,DELIVERED
986,212,2025-08-23,SHIPPED
987,256,2025-12-31,SHIPPED
988,110,2025-05-03,PLACED
989,505,2025-01-07,PLACED
990,494,2026-01-16,DELIVERED
991,505,2025-10-09,RETURNED
992,188,2026-06-08,DELIVERED
993,408,2025-08-16,SHIPPED
994,,2026-06-23,RETURNED
995,490,2025-02-03,DELIVERED
996,404,2025-06-28,RETURNED
997,124,2026-06-15,RETURNED
998,324,2025-01-09,PLACED
999,216,2026-01-24,PLACED
1000,334,2026-01-06,DELIVERED
1001,192,2025-09-27,SHIPPED
1002,276,2026-04-28,DELIVERED
1003,375,2025-07-08,RETURNED
1004,435,2025-08-04,RETURNED
1005,382,2026-01-09,RETURNED
1006,287,2026-04-07,SHIPPED
1007,586,2025-05-15,SHIPPED
1008,103,2025-10-04,SHIPPED
1009,569,2026-03-19,RETURNED
1010,201,2025-05-30,SHIPPED
1011,485,2025-01-10,SHIPPED
1012,432,2026-05-27,SHIPPED
1013,,2026-07-01,DELIVERED
1014,499,2025-11-04,DELIVERED
1015,576,2025-02-18,RETURNED
1016,102,2025-06-17,PLACED
1017,221,2025-09-18,RETURNED
1018,99,2026-04-06,DELIVERED
1019,267,2026-01-05,DELIVERED
1020,574,2025-09-21,DELIVERED
1021,21,2026-02-26,PLACED
1022,360,2025-07-23,SHIPPED
1023,292,2025-12-30,DELIVERED
1024,523,2026-05-15,RETURNED
1025,,2026-01-26,DELIVERED
1026,475,2025-05-29,SHIPPED
1027,346,2026-03-08,RETURNED
1028,74,2025-03-23,SHIPPED
1029,352,2025-08-22,DELIVERED
1030,325,2025-10-26,DELIVERED
1031,405,2025-10-05,RETURNED
1032,372,2026-06-18,RETURNED
1033,424,2025-06-21,SHIPPED
1034,24,2025-05-09,SHIPPED
1035,258,2025-03-23,SHIPPED
1036,171,2026-02-11,PLACED
1037,98,2025-03-07,RETURNED
1038,562,2025-02-25,PLACED
1039,407,2026-06-21,PLACED
1040,107,2025-09-26,SHIPPED
1041,87,2026-02-04,DELIVERED
1042,235,2025-09-11,DELIVERED
1043,454,2025-05-10,SHIPPED
1044,540,2025-06-24,PLACED
1045,36,2026-01-01,DELIVERED
1046,488,2026-04-24,DELIVERED
1047,562,2026-04-01,SHIPPED
1048,553,2025-07-01,RETURNED
1049,578,2026-03-22,DELIVERED
1050,356,2026-05-09,SHIPPED
1051,92,2026-03-29,DELIVERED
1052,375,2026-02-27,DELIVERED
1053,160,2025-11-07,PLACED
1054,1,2026-06-20,SHIPPED
1055,353,2025-10-21,RETURNED
1056,548,2025-01-09,RETURNED
1057,489,2025-11-03,PLACED
1058,441,2025-10-27,SHIPPED
1059,8,2026-01-18,SHIPPED
1060,422,2026-03-24,RETURNED
1061,256,2025-06-17,RETURNED
1062,388,2025-08-14,DELIVERED
1063,82,2026-03-09,SHIPPED
1064,530,2025-10-06,DELIVERED
1065,545,2025-10-03,RETURNED
1066,193,2025-03-12,SHIPPED
1067,,2025-10-24,PLACED
1068,467,2026-04-09,DELIVERED
1069,504,2025-07-12,DELIVERED
1070,20,2025-06-05,PLACED
1071,,2025-01-23,SHIPPED
1072,105,2025-10-16,DELIVERED
1073,129,2026-03-25,PLACED
1074,239,2025-04-03,SHIPPED
1075,16,2026-05-21,SHIPPED
1076,351,2026-03-07,DELIVERED
1077,511,2026-01-16,RETURNED
1078,33,2025-12-05,PLACED
1079,150,2025-02-27,DELIVERED
1080,402,2025-03-15,RETURNED
1081,186,2025-07-16,DELIVERED
1082,391,2025-01-13,PLACED
1083,255,2026-01-30,RETURNED
1084,254,2025-02-04,SHIPPED
1085,472,2025-04-07,SHIPPED
1086,485,2026-02-03,DELIVERED
1087,331,2025-06-12,PLACED
1088,563,2026-06-18,PLACED
1089,260,2026-05-08,DELIVERED
1090,204,2026-01-05,PLACED
1091,224,2025-04-26,SHIPPED
1092,445,2025-11-29,PLACED
1093,172,2025-10-10,PLACED
1094,406,2025-09-06,PLACED
1095,44,2026-05-02,SHIPPED
1096,381,2025-04-02,SHIPPED
1097,162,2026-05-27,PLACED
1098,347,2025-03-03,PLACED
1099,365,2025-06-07,PLACED
1100,129,2026-05-15,SHIPPED
1101,325,2025-12-22,RETURNED
1102,198,2025-01-22,RETURNED
1103,367,2025-05-18,DELIVERED
1104,41,2026-05-12,RETURNED
1105,573,2025-10-29,RETURNED
1106,195,2025-07-11,DELIVERED
1107,,2026-04-25,DELIVERED
1108,568,2025-06-14,PLACED
1109,544,2025-06-08,RETURNED
1110,303,2025-09-27,DELIVERED
1111,465,2025-01-01,RETURNED
1112,190,2025-01-20,DELIVERED
1113,245,2025-11-25,PLACED
1114,552,2026-02-01,SHIPPED
1115,537,2026-05-25,SHIPPED
1116,290,2025-11-27,RETURNED
1117,330,2025-04-24,PLACED
1118,536,2025-03-10,PLACED
1119,133,2025-07-02,PLACED
1120,207,2025-04-20,RETURNED
1121,197,2025-04-12,PLACED
1122,585,2026-02-02,RETURNED
1123,539,2025-09-20,PLACED
1124,376,2025-08-15,PLACED
1125,14,2025-08-02,RETURNED
1126,82,2026-04-25,PLACED
1127,370,2026-03-02,DELIVERED
1128,60,2025-09-30,PLACED
1129,73,2025-11-08,PLACED
1130,222,2026-06-16,PLACED
1131,104,2025-08-25,RETURNED
1132,195,2025-07-17,SHIPPED
1133,584,2025-07-03,RETURNED
1134,109,2026-01-02,RETURNED
1135,438,2025-04-17,SHIPPED
1136,185,2026-02-16,DELIVERED
1137,162,2026-07-01,RETURNED
1138,361,2025-11-19,DELIVERED
1139,381,2026-02-27,RETURNED
1140,332,2025-09-04,SHIPPED
1141,385,2025-09-18,DELIVERED
1142,464,2026-04-04,RETURNED
1143,1,2025-02-05,DELIVERED
1144,17,2026-06-15,SHIPPED
1145,310,2025-01-07,DELIVERED
1146,228,2025-08-08,DELIVERED
1147,23,2025-10-10,SHIPPED
1148,97,2025-02-08,RETURNED
1149,365,2025-06-09,SHIPPED
1150,272,2026-01-11,SHIPPED
1151,239,2025-09-20,DELIVERED
1152,95,2026-02-14,SHIPPED
1153,80,2025-11-29,RETURNED
1154,178,2026-05-15,PLACED
1155,308,2025-02-08,RETURNED
1156,81,2025-02-27,DELIVERED
1157,357,2026-03-21,RETURNED
1158,124,2025-08-21,PLACED
1159,392,2025-02-25,DELIVERED
1160,537,2025-02-12,DELIVERED
1161,553,2025-06-03,DELIVERED
1162,515,2025-08-15,SHIPPED
1163,52,2026-02-07,RETURNED
1164,590,2026-06-01,PLACED
1165,228,2026-03-19,DELIVERED
1166,404,2025-06-01,SHIPPED
1167,345,2025-03-26,RETURNED
1168,586,2025-02-20,RETURNED
1169,269,2025-03-29,RETURNED
1170,514,2026-03-21,SHIPPED
1171,139,2026-05-08,SHIPPED
1172,500,2026-02-09,SHIPPED
1173,575,2026-06-21,SHIPPED
1174,249,2025-03-15,DELIVERED
1175,441,2025-11-28,PLACED
1176,116,2026-02-28,RETURNED
1177,375,2025-12-23,SHIPPED
1178,329,2025-12-19,PLACED
1179,313,2025-06-23,DELIVERED
1180,453,2025-05-30,RETURNED
1181,46,2025-08-28,SHIPPED
1182,383,2025-06-09,PLACED
1183,116,2025-02-25,SHIPPED
1184,152,2025-10-22,PLACED
1185,352,2025-04-24,DELIVERED
1186,461,2026-04-28,PLACED
1187,340,2025-08-03,SHIPPED
1188,209,2026-06-20,DELIVERED
1189,562,2026-05-10,SHIPPED
1190,19,2026-01-21,PLACED
1191,,2025-06-24,PLACED
1192,291,2025-07-25,DELIVERED
1193,55,2026-04-22,PLACED
1194,69,2026-02-02,DELIVERED
1195,369,2025-04-21,PLACED
1196,300,2026-01-31,SHIPPED
1197,390,2026-06-05,PLACED
1198,324,2026-05-12,PLACED
1199,191,2025-07-23,RETURNED
1200,575,2025-01-23,PLACED
1201,254,2026-06-27,DELIVERED
1202,,2026-05-17,RETURNED
1203,161,2025-01-19,DELIVERED
1204,361,2025-12-30,DELIVERED
1205,242,2026-05-29,DELIVERED
1206,64,2025-09-21,RETURNED
1207,31,2025-10-14,SHIPPED
1208,156,2025-12-16,RETURNED
1209,141,2025-03-31,RETURNED
1210,534,2025-08-21,RETURNED
1211,247,2025-06-06,RETURNED
1212,320,2025-12-04,RETURNED
1213,556,2025-05-15,SHIPPED
1214,142,2025-07-27,SHIPPED
1215,317,2026-06-21,SHIPPED
1216,441,2025-05-29,SHIPPED
1217,326,2025-03-11,PLACED
1218,,2025-11-22,SHIPPED
1219,31,2025-11-23,RETURNED
1220,422,2025-11-07,RETURNED
1221,281,2025-06-05,SHIPPED
1222,110,2025-05-15,SHIPPED
1223,27,2025-10-01,SHIPPED
1224,238,2025-08-25,PLACED
1225,368,2025-03-23,RETURNED
1226,138,2026-05-30,RETURNED
1227,383,2025-07-08,RETURNED
1228,504,2026-05-01,SHIPPED
1229,,2025-07-17,SHIPPED
1230,34,2026-02-23,PLACED
1231,277,2026-02-27,SHIPPED
1232,208,2025-07-29,PLACED
1233,,2026-03-26,RETURNED
1234,,2026-04-14,SHIPPED
1235,438,2026-02-19,PLACED
1236,390,2025-11-17,RETURNED
1237,586,2026-07-04,PLACED
1238,,2025-04-22,RETURNED
1239,,2025-02-13,SHIPPED
1240,532,2026-07-05,RETURNED
1241,41,2026-02-01,PLACED
1242,195,2025-10-26,RETURNED
1243,408,2025-11-08,DELIVERED
1244,473,2025-06-20,RETURNED
1245,302,2025-02-25,SHIPPED
1246,475,2026-04-08,PLACED
1247,513,2025-04-26,SHIPPED
1248,600,2025-05-19,RETURNED
1249,424,2025-11-28,RETURNED
1250,,2025-07-03,RETURNED
1251,207,2026-04-11,PLACED
1252,257,2025-11-28,SHIPPED
1253,127,2025-04-04,PLACED
1254,461,2026-01-07,PLACED
1255,537,2026-01-29,SHIPPED
1256,388,2026-01-25,PLACED
1257,175,2025-12-10,SHIPPED
1258,167,2025-05-29,SHIPPED
1259,53,2026-03-06,DELIVERED
1260,317,2026-04-02,DELIVERED
1261,186,2025-05-01,SHIPPED
1262,208,2025-01-04,DELIVERED
1263,13,2026-04-15,RETURNED
1264,511,2025-01-06,RETURNED
1265,244,2025-08-11,RETURNED
1266,465,2026-02-24,RETURNED
1267,82,2025-01-07,SHIPPED
1268,561,2025-10-12,SHIPPED
1269,51,2025-07-09,SHIPPED
1270,57,2025-12-24,PLACED
1271,149,2025-02-03,DELIVERED
1272,340,2025-03-31,PLACED
1273,,2026-03-03,SHIPPED
1274,,2025-10-19,SHIPPED
1275,467,2026-01-04,PLACED
1276,96,2025-11-03,DELIVERED
1277,378,2026-01-24,PLACED
1278,438,2025-03-08,DELIVERED
1279,483,2025-05-18,PLACED
1280,282,2025-12-04,RETURNED
1281,538,2025-08-03,SHIPPED
1282,60,2025-04-22,PLACED
1283,496,2025-10-22,RETURNED
1284,,2025-09-23,DELIVERED
1285,133,2026-05-24,RETURNED
1286,505,2025-07-04,SHIPPED
1287,298,2025-07-18,PLACED
1288,122,2025-01-25,RETURNED
1289,121,2025-08-01,RETURNED
1290,424,2025-02-16,DELIVERED
1291,359,2025-08-06,PLACED
1292,207,2025-10-16,DELIVERED
1293,70,2025-11-12,DELIVERED
1294,519,2025-11-28,PLACED
1295,117,2025-12-08,DELIVERED
1296,406,2025-01-30,SHIPPED
1297,199,2025-12-05,DELIVERED
1298,491,2026-05-01,PLACED
1299,140,2026-05-09,SHIPPED
1300,472,2026-07-04,DELIVERED
1301,474,2026-02-28,PLACED
1302,534,2025-11-03,DELIVERED
1303,569,2026-07-03,PLACED
1304,214,2025-12-06,DELIVERED
1305,68,2025-06-02,DELIVERED
1306,32,2025-12-14,RETURNED
1307,548,2025-06-19,RETURNED
1308,192,2025-04-30,DELIVERED
1309,323,2025-02-02,DELIVERED
1310,424,2025-03-30,RETURNED
1311,244,2026-01-16,RETURNED
1312,310,2025-08-10,DELIVERED
1313,180,2025-04-25,DELIVERED
1314,39,2025-07-26,PLACED
1315,455,2026-06-03,PLACED
1316,495,2026-05-28,SHIPPED
1317,195,2025-12-15,RETURNED
1318,537,2025-11-14,DELIVERED
1319,147,2025-04-11,SHIPPED
1320,211,2025-02-07,RETURNED
1321,,2026-06-19,PLACED
1322,5,2025-11-15,PLACED
1323,90,2025-12-08,RETURNED
1324,48,2025-04-16,DELIVERED
1325,24,2025-11-16,SHIPPED
1326,329,2025-07-25,SHIPPED
1327,294,2025-10-11,DELIVERED
1328,452,2025-05-01,DELIVERED
1329,153,2025-06-11,DELIVERED
1330,118,2025-01-16,PLACED
1331,212,2025-12-25,DELIVERED
1332,278,2025-05-25,DELIVERED
1333,588,2025-09-08,SHIPPED
1334,73,2025-11-15,DELIVERED
1335,554,2026-03-31,PLACED
1336,134,2025-01-30,RETURNED
1337,52,2025-04-19,RETURNED
1338,56,2025-03-30,RETURNED
1339,402,2025-07-03,RETURNED
1340,365,2025-11-16,DELIVERED
1341,203,2026-07-01,PLACED
1342,477,2025-05-15,PLACED
1343,480,2025-04-10,RETURNED
1344,318,2026-04-22,RETURNED
1345,238,2025-08-18,SHIPPED
1346,265,2026-01-08,RETURNED
1347,188,2025-12-05,DELIVERED
1348,465,2026-05-15,PLACED
1349,67,2026-05-02,PLACED
1350,360,2026-05-06,RETURNED
1351,175,2025-10-17,DELIVERED
1352,589,2025-05-11,PLACED
1353,416,2025-04-20,DELIVERED
1354,570,2025-03-14,DELIVERED
1355,546,2026-04-18,RETURNED
1356,424,2025-09-02,SHIPPED
1357,562,2025-06-12,RETURNED
1358,,2025-03-09,DELIVERED
1359,214,2026-03-18,RETURNED
1360,581,2025-12-17,SHIPPED
1361,178,2025-03-21,RETURNED
1362,118,2026-04-20,DELIVERED
1363,569,2025-04-10,RETURNED
1364,181,2025-11-12,RETURNED
1365,72,2025-04-22,RETURNED
1366,,2026-05-22,PLACED
1367,93,2025-08-11,SHIPPED
1368,595,2025-01-01,SHIPPED
1369,153,2026-04-09,DELIVERED
1370,400,2026-04-03,SHIPPED
1371,211,2025-11-21,DELIVERED
1372,584,2025-11-08,RETURNED
1373,353,2025-04-02,PLACED
1374,523,2026-02-18,SHIPPED
1375,302,2025-03-05,DELIVERED
1376,563,2025-02-24,PLACED
1377,574,2026-01-03,PLACED
1378,289,2025-02-01,SHIPPED
1379,443,2026-02-08,DELIVERED
1380,392,2026-02-20,RETURNED
1381,446,2025-08-05,SHIPPED
1382,487,2025-05-23,SHIPPED
1383,569,2026-01-29,DELIVERED
1384,428,2025-06-07,DELIVERED
1385,129,2025-05-18,PLACED
1386,74,2025-01-17,SHIPPED
1387,499,2026-03-24,SHIPPED
1388,87,2025-05-21,RETURNED
1389,467,2026-03-12,SHIPPED
1390,466,2026-06-06,RETURNED
1391,566,2026-04-06,RETURNED
1392,364,2025-08-20,SHIPPED
1393,435,2025-01-08,RETURNED
1394,243,2026-05-29,DELIVERED
1395,421,2026-01-11,PLACED
1396,39,2026-05-10,DELIVERED
1397,116,2026-05-09,PLACED
1398,146,2026-06-24,DELIVERED
1399,477,2026-06-14,PLACED
1400,536,2025-04-01,SHIPPED
1401,484,2025-03-21,DELIVERED
1402,55,2025-12-18,PLACED
1403,481,2026-04-10,RETURNED
1404,588,2025-12-06,RETURNED
1405,362,2025-10-29,DELIVERED
1406,172,2025-02-06,DELIVERED
1407,578,2025-09-24,PLACED
1408,485,2025-06-23,PLACED
1409,299,2025-01-28,DELIVERED
1410,497,2025-03-26,SHIPPED
1411,518,2025-03-20,DELIVERED
1412,259,2025-05-16,DELIVERED
1413,282,2025-09-21,PLACED
1414,115,2025-06-28,SHIPPED
1415,458,2026-01-14,SHIPPED
1416,268,2025-08-30,RETURNED
1417,186,2026-06-25,PLACED
1418,352,2025-03-28,SHIPPED
1419,158,2026-05-23,RETURNED
1420,393,2025-09-01,RETURNED
1421,172,2025-08-04,DELIVERED
1422,56,2025-09-28,PLACED
1423,54,2025-06-21,RETURNED
1424,409,2026-05-03,DELIVERED
1425,488,2026-06-30,SHIPPED
1426,389,2026-02-04,RETURNED
1427,269,2025-05-29,RETURNED
1428,13,2025-10-23,RETURNED
1429,392,2025-11-20,PLACED
1430,100,2026-06-29,DELIVERED
1431,443,2025-10-07,DELIVERED
1432,277,2025-10-01,PLACED
1433,262,2026-02-05,RETURNED
1434,248,2025-07-19,DELIVERED
1435,185,2025-11-17,PLACED
1436,9,2025-03-11,PLACED
1437,422,2025-04-11,PLACED
1438,457,2025-12-26,SHIPPED
1439,291,2025-09-15,SHIPPED
1440,35,2025-01-25,PLACED
1441,59,2025-08-11,PLACED
1442,123,2025-03-30,SHIPPED
1443,385,2025-07-09,PLACED
1444,189,2025-09-17,DELIVERED
1445,479,2025-03-19,RETURNED
1446,284,2026-03-14,DELIVERED
1447,264,2025-06-15,PLACED
1448,284,2025-03-05,RETURNED
1449,398,2025-12-07,PLACED
1450,265,2025-09-29,SHIPPED
1451,,2025-03-13,RETURNED
1452,206,2026-02-07,SHIPPED
1453,504,2025-04-22,SHIPPED
1454,554,2026-03-18,SHIPPED
1455,109,2026-03-29,DELIVERED
1456,106,2025-02-05,PLACED
1457,73,2025-09-14,RETURNED
1458,20,2026-05-25,SHIPPED
1459,1,2025-02-08,RETURNED
1460,273,2025-06-05,DELIVERED
1461,401,2025-01-04,RETURNED
1462,490,2026-03-23,RETURNED
1463,72,2025-08-20,PLACED
1464,394,2026-05-09,PLACED
1465,,2026-07-03,DELIVERED
1466,342,2025-11-07,RETURNED
1467,57,2025-04-03,DELIVERED
1468,548,2025-12-15,PLACED
1469,471,2025-10-24,SHIPPED
1470,181,2025-02-10,RETURNED
1471,196,2025-11-03,RETURNED
1472,110,2026-01-03,RETURNED
1473,87,2026-03-25,SHIPPED
1474,144,2025-02-06,SHIPPED
1475,26,2025-09-02,RETURNED
1476,399,2025-03-06,DELIVERED
1477,512,2026-07-01,RETURNED
1478,17,2025-02-07,DELIVERED
1479,58,2025-12-12,PLACED
1480,416,2025-05-02,SHIPPED
1481,536,2026-04-15,SHIPPED
1482,594,2025-08-27,PLACED
1483,38,2025-05-25,RETURNED
1484,20,2026-04-28,PLACED
1485,249,2025-05-14,PLACED
1486,177,2025-02-21,DELIVERED
1487,100,2026-04-13,SHIPPED
1488,66,2025-04-19,PLACED
1489,510,2025-08-14,PLACED
1490,208,2026-03-13,DELIVERED
1491,412,2025-11-29,PLACED
1492,590,2025-05-21,DELIVERED
1493,219,2025-02-16,SHIPPED
1494,344,2025-03-06,PLACED
1495,281,2025-05-25,RETURNED
1496,173,2026-01-14,SHIPPED
1497,450,2025-09-07,PLACED
1498,137,2025-04-13,RETURNED
1499,162,2025-01-17,RETURNED
1500,83,2025-01-07,PLACED
1501,184,2025-04-02,DELIVERED
1502,427,2026-05-03,SHIPPED
1503,212,2025-05-27,DELIVERED
1504,536,2026-04-07,RETURNED
1505,245,2025-06-28,PLACED
1506,185,2026-05-27,PLACED
1507,309,2025-12-23,RETURNED
1508,5,2025-08-30,SHIPPED
1509,121,2026-06-27,PLACED
1510,371,2026-06-04,SHIPPED
1511,476,2025-08-02,DELIVERED
1512,55,2025-07-18,PLACED
1513,153,2026-05-01,RETURNED
1514,181,2025-06-13,PLACED
1515,56,2026-01-08,DELIVERED
1516,215,2026-03-22,DELIVERED
1517,343,2026-04-10,PLACED
1518,107,2025-02-23,SHIPPED
1519,162,2025-01-30,RETURNED
1520,528,2025-04-29,PLACED
1521,241,2026-04-01,DELIVERED
1522,430,2025-07-23,DELIVERED
1523,236,2025-04-23,DELIVERED
1524,234,2025-04-11,SHIPPED
1525,423,2025-07-24,RETURNED
1526,226,2025-03-17,RETURNED
1527,600,2026-05-12,PLACED
1528,447,2025-05-29,SHIPPED
1529,,2025-07-02,RETURNED
1530,383,2025-05-20,RETURNED
1531,199,2026-01-03,DELIVERED
1532,208,2025-12-10,SHIPPED
1533,33,2025-03-03,DELIVERED
1534,140,2025-04-24,RETURNED
1535,470,2026-03-05,SHIPPED
1536,352,2025-08-14,DELIVERED
1537,161,2025-06-24,SHIPPED
1538,89,2026-02-26,RETURNED
1539,222,2026-04-30,RETURNED
1540,,2025-01-15,RETURNED
1541,253,2025-09-11,DELIVERED
1542,445,2025-08-16,SHIPPED
1543,588,2025-01-06,RETURNED
1544,46,2025-02-11,RETURNED
1545,517,2025-02-04,RETURNED
1546,544,2026-02-08,RETURNED
1547,101,2026-04-09,RETURNED
1548,247,2025-03-27,PLACED
1549,417,2025-08-12,SHIPPED
1550,368,2025-10-30,SHIPPED
1551,93,2025-01-17,RETURNED
1552,313,2025-06-15,RETURNED
1553,585,2025-01-25,RETURNED
1554,475,2025-05-22,RETURNED
1555,190,2026-01-15,RETURNED
1556,2,2025-03-14,RETURNED
1557,341,2026-06-28,PLACED
1558,304,2026-03-13,DELIVERED
1559,556,2025-08-01,PLACED
1560,344,2025-02-26,DELIVERED
1561,53,2025-04-24,RETURNED
1562,375,2026-04-22,PLACED
1563,375,2026-01-11,SHIPPED
1564,573,2025-03-10,SHIPPED
1565,142,2025-12-09,SHIPPED
1566,553,2025-04-27,RETURNED
1567,595,2025-08-03,SHIPPED
1568,329,2025-12-28,DELIVERED
1569,516,2026-03-10,DELIVERED
1570,56,2025-03-06,DELIVERED
1571,354,2026-04-09,RETURNED
1572,514,2026-06-24,PLACED
1573,482,2026-06-29,DELIVERED
1574,463,2026-01-12,PLACED
1575,193,2026-04-14,PLACED
1576,83,2026-02-05,SHIPPED
1577,296,2025-03-20,PLACED
1578,169,2025-10-10,PLACED
1579,152,2026-05-24,SHIPPED
1580,210,2026-06-18,PLACED
1581,301,2026-03-03,SHIPPED
1582,486,2025-12-22,RETURNED
1583,,2025-01-22,DELIVERED
1584,194,2025-03-06,PLACED
1585,238,2026-06-17,DELIVERED
1586,422,2025-12-18,DELIVERED
1587,498,2026-06-27,RETURNED
1588,469,2025-11-08,SHIPPED
1589,314,2025-06-25,DELIVERED
1590,233,2026-05-11,DELIVERED
1591,296,2025-02-18,SHIPPED
1592,362,2025-10-19,RETURNED
1593,171,2025-06-14,DELIVERED
1594,187,2025-06-29,SHIPPED
1595,166,2025-09-01,PLACED
1596,43,2025-11-21,SHIPPED
1597,452,2025-09-24,DELIVERED
1598,189,2025-07-30,PLACED
1599,325,2025-12-19,SHIPPED
1600,382,2026-04-05,SHIPPED
1601,,2025-11-05,PLACED
1602,26,2026-02-19,RETURNED
1603,149,2026-04-15,DELIVERED
1604,160,2025-01-05,DELIVERED
1605,303,2026-05-01,DELIVERED
1606,588,2025-05-31,RETURNED
1607,347,2025-04-26,RETURNED
1608,42,2025-05-23,PLACED
1609,,2025-01-26,RETURNED
1610,226,2026-04-02,DELIVERED
1611,95,2025-12-01,PLACED
1612,200,2026-06-24,SHIPPED
1613,285,2025-07-20,PLACED
1614,86,2026-04-02,PLACED
1615,525,2026-02-08,SHIPPED
1616,503,2025-11-22,PLACED
1617,370,2026-02-12,SHIPPED
1618,438,2026-01-14,RETURNED
1619,382,2025-01-13,DELIVERED
1620,354,2025-12-26,DELIVERED
1621,457,2025-03-31,SHIPPED
1622,455,2026-03-02,RETURNED
1623,296,2025-06-17,RETURNED
1624,425,2025-05-23,PLACED
1625,148,2025-08-01,DELIVERED
1626,487,2026-06-22,DELIVERED
1627,68,2026-01-20,PLACED
1628,7,2026-02-24,DELIVERED
1629,425,2025-06-29,RETURNED
1630,582,2025-05-21,SHIPPED
1631,191,2026-01-26,DELIVERED
1632,568,2026-05-18,PLACED
1633,310,2025-11-08,RETURNED
1634,573,2026-04-20,SHIPPED
1635,,2025-01-03,SHIPPED
1636,269,2025-11-04,RETURNED
1637,128,2025-10-22,RETURNED
1638,184,2026-05-19,SHIPPED
1639,30,2025-05-03,DELIVERED
1640,505,2025-03-10,DELIVERED
1641,596,2026-05-08,RETURNED
1642,265,2026-05-03,PLACED
1643,383,2026-06-09,PLACED
1644,266,2025-06-16,PLACED
1645,150,2025-11-24,RETURNED
1646,139,2026-01-01,SHIPPED
1647,55,2025-10-07,DELIVERED
1648,430,2025-12-31,PLACED
1649,297,2025-10-26,PLACED
1650,527,2025-07-18,SHIPPED
1651,,2025-06-21,DELIVERED
1652,324,2025-11-05,DELIVERED
1653,372,2025-04-09,DELIVERED
1654,148,2025-01-14,SHIPPED
1655,531,2025-10-16,DELIVERED
1656,497,2026-02-26,DELIVERED
1657,167,2025-04-15,SHIPPED
1658,,2026-05-31,SHIPPED
1659,193,2026-06-23,PLACED
1660,428,2026-04-17,PLACED
1661,120,2025-05-15,PLACED
1662,492,2025-12-23,DELIVERED
1663,372,2025-05-23,RETURNED
1664,536,2025-12-17,SHIPPED
1665,312,2025-01-30,PLACED
1666,228,2025-05-12,SHIPPED
1667,233,2025-11-11,SHIPPED
1668,215,2025-05-14,PLACED
1669,436,2025-04-25,PLACED
1670,20,2026-05-11,RETURNED
1671,44,2025-07-21,PLACED
1672,34,2026-06-10,PLACED
1673,481,2025-05-02,DELIVERED
1674,45,2025-03-09,DELIVERED
1675,11,2025-04-09,PLACED
1676,211,2025-07-24,SHIPPED
1677,360,2025-01-30,PLACED
1678,150,2025-10-12,DELIVERED
1679,361,2025-06-14,SHIPPED
1680,518,2025-03-11,PLACED
1681,,2025-01-15,SHIPPED
1682,197,2025-10-16,SHIPPED
1683,551,2025-01-05,PLACED
1684,220,2026-06-01,RETURNED
1685,376,2025-07-09,RETURNED
1686,110,2025-07-05,DELIVERED
1687,389,2026-03-11,SHIPPED
1688,527,2025-08-22,RETURNED
1689,116,2025-11-18,PLACED
1690,478,2025-04-23,SHIPPED
1691,508,2026-01-05,DELIVERED
1692,571,2025-02-11,PLACED
1693,336,2026-05-21,PLACED
1694,395,2025-10-18,RETURNED
1695,320,2026-03-31,SHIPPED
1696,568,2026-02-22,DELIVERED
1697,439,2025-07-13,PLACED
1698,488,2026-01-12,SHIPPED
1699,14,2026-05-19,PLACED
1700,406,2026-03-25,PLACED
1701,123,2025-05-27,RETURNED
1702,411,2025-04-15,SHIPPED
1703,67,2026-01-08,SHIPPED
1704,347,2025-07-25,RETURNED
1705,126,2025-08-27,RETURNED
1706,,2025-10-13,DELIVERED
1707,410,2025-12-31,RETURNED
1708,415,2026-05-12,DELIVERED
1709,151,2026-04-11,PLACED
1710,126,2025-09-14,RETURNED
1711,510,2025-08-25,SHIPPED
1712,31,2025-04-12,PLACED
1713,70,2026-05-26,PLACED
1714,184,2026-01-27,DELIVERED
1715,157,2025-11-07,PLACED
1716,79,2026-06-17,RETURNED
1717,478,2025-07-26,DELIVERED
1718,510,2026-05-18,DELIVERED
1719,556,2025-12-18,PLACED
1720,33,2026-03-17,PLACED
1721,393,2026-04-06,DELIVERED
1722,386,2026-03-30,RETURNED
1723,,2025-02-03,SHIPPED
1724,571,2025-11-07,SHIPPED
1725,,2026-03-18,SHIPPED
1726,320,2026-02-03,RETURNED
1727,113,2026-05-18,RETURNED
1728,488,2025-06-10,PLACED
1729,401,2025-09-27,RETURNED
1730,387,2025-12-28,DELIVERED
1731,,2025-03-04,PLACED
1732,47,2025-05-12,DELIVERED
1733,358,2025-01-28,DELIVERED
1734,390,2025-04-10,RETURNED
1735,354,2026-01-01,RETURNED
1736,360,2025-02-27,SHIPPED
1737,254,2025-08-29,DELIVERED
1738,87,2025-03-09,DELIVERED
1739,118,2025-12-12,SHIPPED
1740,21,2025-11-30,PLACED
1741,472,2026-03-09,RETURNED
1742,274,2025-01-21,RETURNED
1743,23,2025-11-21,RETURNED
1744,585,2026-02-04,DELIVERED
1745,587,2025-04-11,RETURNED
1746,103,2025-07-30,DELIVERED
1747,509,2026-05-30,DELIVERED
1748,171,2025-11-03,DELIVERED
1749,447,2025-07-26,RETURNED
1750,78,2026-07-03,SHIPPED
1751,295,2025-09-29,PLACED
1752,,2026-02-16,SHIPPED
1753,95,2025-04-08,DELIVERED
1754,280,2025-03-10,RETURNED
1755,438,2025-08-03,DELIVERED
1756,79,2025-11-06,DELIVERED
1757,444,2025-11-17,SHIPPED
1758,425,2026-02-16,DELIVERED
1759,528,2026-04-10,SHIPPED
1760,20,2026-06-13,SHIPPED
1761,591,2026-05-27,SHIPPED
1762,479,2025-10-02,RETURNED
1763,580,2025-03-03,SHIPPED
1764,374,2026-04-19,SHIPPED
1765,247,2025-06-04,DELIVERED
1766,446,2026-02-25,DELIVERED
1767,66,2025-07-28,RETURNED
1768,274,2025-10-21,SHIPPED
1769,263,2025-08-30,RETURNED
1770,245,2025-04-27,SHIPPED
1771,,2025-01-29,SHIPPED
1772,318,2026-04-21,RETURNED
1773,574,2026-03-23,RETURNED
1774,38,2025-07-26,SHIPPED
1775,280,2025-05-20,PLACED
1776,265,2025-10-12,SHIPPED
1777,44,2026-05-13,PLACED
1778,57,2025-03-27,DELIVERED
1779,306,2025-03-07,RETURNED
1780,373,2025-04-03,RETURNED
1781,144,2025-08-30,PLACED
1782,585,2026-05-28,PLACED
1783,535,2026-06-22,DELIVERED
1784,509,2025-04-03,SHIPPED
1785,126,2025-11-17,DELIVERED
1786,,2026-02-04,SHIPPED
1787,434,2025-08-12,SHIPPED
1788,110,2025-06-29,SHIPPED
1789,282,2026-03-27,RETURNED
1790,,2025-02-27,RETURNED
1791,547,2026-01-19,PLACED
1792,325,2026-03-10,RETURNED
1793,253,2025-10-12,SHIPPED
1794,372,2026-05-02,DELIVERED
1795,316,2025-01-22,PLACED
1796,56,2025-09-03,DELIVERED
1797,566,2026-01-29,DELIVERED
1798,372,2025-05-05,SHIPPED
1799,,2026-02-02,PLACED
1800,403,2025-09-19,DELIVERED
1801,93,2025-08-30,DELIVERED
1802,216,2025-06-14,RETURNED
1803,325,2026-02-21,PLACED
1804,281,2025-03-24,RETURNED
1805,483,2026-02-27,DELIVERED
1806,433,2025-04-13,SHIPPED
1807,268,2026-06-03,PLACED
1808,361,2026-03-07,DELIVERED
1809,465,2025-01-29,PLACED
1810,189,2026-03-31,SHIPPED
1811,,2026-02-15,SHIPPED
1812,313,2025-11-18,PLACED
1813,114,2025-06-11,SHIPPED
1814,529,2025-05-14,RETURNED
1815,328,2026-04-08,RETURNED
1816,137,2025-09-24,SHIPPED
1817,336,2025-10-16,SHIPPED
1818,,2026-03-01,DELIVERED
1819,187,2026-02-07,RETURNED
1820,585,2025-08-18,PLACED
1821,24,2025-08-23,PLACED
1822,474,2025-07-23,DELIVERED
1823,173,2025-02-20,RETURNED
1824,440,2025-09-24,SHIPPED
1825,92,2026-01-12,SHIPPED
1826,581,2025-05-01,PLACED
1827,539,2026-03-22,RETURNED
1828,507,2025-05-02,SHIPPED
1829,209,2025-07-15,DELIVERED
1830,295,2026-05-22,RETURNED
1831,134,2026-03-18,SHIPPED
1832,221,2025-10-17,SHIPPED
1833,429,2025-07-04,RETURNED
1834,150,2025-01-30,DELIVERED
1835,269,2025-08-30,RETURNED
1836,255,2026-01-14,RETURNED
1837,88,2025-01-11,RETURNED
1838,137,2025-11-28,RETURNED
1839,218,2026-01-28,RETURNED
1840,263,2025-03-16,PLACED
1841,571,2025-03-02,PLACED
1842,341,2025-08-29,RETURNED
1843,363,2025-02-16,PLACED
1844,260,2026-06-01,RETURNED
1845,310,2026-02-09,DELIVERED
1846,136,2025-02-12,SHIPPED
1847,267,2025-06-23,RETURNED
1848,348,2026-04-25,SHIPPED
1849,92,2025-11-21,RETURNED
1850,146,2025-09-24,PLACED
1851,321,2025-02-15,SHIPPED
1852,512,2025-10-15,DELIVERED
1853,441,2025-10-17,DELIVERED
1854,271,2026-06-14,DELIVERED
1855,447,2025-06-18,DELIVERED
1856,504,2025-06-04,RETURNED
1857,55,2025-07-13,SHIPPED
1858,56,2025-08-24,SHIPPED
1859,37,2026-04-27,DELIVERED
1860,168,2026-04-24,RETURNED
1861,119,2026-05-22,PLACED
1862,453,2026-01-01,RETURNED
1863,469,2026-05-20,PLACED
1864,152,2025-05-07,DELIVERED
1865,96,2025-07-28,DELIVERED
1866,185,2025-06-22,DELIVERED
1867,577,2025-08-06,PLACED
1868,539,2025-07-04,RETURNED
1869,79,2025-09-10,RETURNED
1870,97,2025-12-03,PLACED
1871,292,2025-05-05,RETURNED
1872,383,2025-04-19,DELIVERED
1873,158,2025-01-30,PLACED
1874,472,2026-05-07,RETURNED
1875,276,2025-01-06,DELIVERED
1876,45,2026-04-09,DELIVERED
1877,583,2025-05-13,SHIPPED
1878,50,2025-10-17,DELIVERED
1879,57,2025-03-14,RETURNED
1880,95,2026-02-13,DELIVERED
1881,183,2025-09-03,RETURNED
1882,92,2025-01-22,SHIPPED
1883,167,2026-02-02,RETURNED
1884,292,2025-06-07,PLACED
1885,306,2026-05-18,RETURNED
1886,,2025-05-15,DELIVERED
1887,99,2026-01-12,SHIPPED
1888,502,2026-04-02,RETURNED
1889,,2025-10-02,RETURNED
1890,,2026-03-09,DELIVERED
1891,191,2026-03-21,RETURNED
1892,96,2025-02-11,DELIVERED
1893,475,2025-08-18,SHIPPED
1894,508,2026-06-24,PLACED
1895,298,2026-04-25,RETURNED
1896,,2026-05-05,DELIVERED
1897,153,2025-05-11,DELIVERED
1898,255,2026-06-20,RETURNED
1899,303,2025-02-18,PLACED
1900,47,2026-06-10,PLACED
1901,523,2026-03-12,RETURNED
1902,97,2026-04-21,DELIVERED
1903,364,2025-09-18,PLACED
1904,516,2025-01-17,PLACED
1905,474,2025-07-03,SHIPPED
1906,403,2025-02-16,PLACED
1907,427,2025-11-01,DELIVERED
1908,466,2026-04-06,DELIVERED
1909,350,2025-07-11,SHIPPED
1910,190,2025-03-22,DELIVERED
1911,,2026-03-21,PLACED
1912,6,2026-02-09,PLACED
1913,14,2025-06-25,RETURNED
1914,472,2026-02-19,RETURNED
1915,311,2026-01-05,RETURNED
1916,310,2025-03-31,SHIPPED
1917,139,2025-01-15,SHIPPED
1918,115,2025-01-17,SHIPPED
1919,,2025-08-03,RETURNED
1920,149,2025-09-05,RETURNED
1921,552,2025-07-15,PLACED
1922,309,2026-04-20,SHIPPED
1923,486,2026-03-09,PLACED
1924,120,2025-06-20,SHIPPED
1925,456,2026-05-12,RETURNED
1926,21,2026-04-06,SHIPPED
1927,207,2025-10-29,RETURNED
1928,53,2025-12-08,PLACED
1929,106,2026-03-19,RETURNED
1930,508,2025-10-25,PLACED
1931,500,2026-02-14,RETURNED
1932,526,2026-05-15,SHIPPED
1933,63,2026-06-25,PLACED
1934,433,2025-11-20,PLACED
1935,275,2026-03-04,RETURNED
1936,120,2026-05-22,DELIVERED
1937,460,2026-03-23,PLACED
1938,166,2025-10-22,SHIPPED
1939,481,2025-12-19,RETURNED
1940,238,2026-06-04,SHIPPED
1941,,2026-04-25,SHIPPED
1942,301,2026-02-04,RETURNED
1943,369,2026-04-29,SHIPPED
1944,213,2025-10-17,PLACED
1945,495,2025-05-13,SHIPPED
1946,205,2025-06-10,RETURNED
1947,104,2026-03-02,RETURNED
1948,311,2025-08-29,SHIPPED
1949,571,2025-02-18,PLACED
1950,368,2025-09-25,DELIVERED
1951,163,2025-06-28,PLACED
1952,66,2025-12-12,RETURNED
1953,117,2025-08-21,PLACED
1954,576,2025-08-18,RETURNED
1955,265,2025-12-15,DELIVERED
1956,48,2025-10-01,SHIPPED
1957,528,2025-04-17,PLACED
1958,449,2026-04-14,PLACED
1959,109,2025-04-15,PLACED
1960,520,2025-04-18,SHIPPED
1961,121,2025-07-30,DELIVERED
1962,161,2025-10-27,RETURNED
1963,519,2026-05-26,PLACED
1964,158,2026-01-08,DELIVERED
1965,142,2025-05-06,SHIPPED
1966,450,2026-03-02,PLACED
1967,252,2026-05-01,DELIVERED
1968,294,2026-06-02,SHIPPED
1969,88,2025-09-30,DELIVERED
1970,425,2026-01-05,SHIPPED
1971,156,2026-06-27,RETURNED
1972,234,2025-05-22,RETURNED
1973,,2026-02-24,RETURNED
1974,529,2026-01-06,PLACED
1975,454,2025-05-30,PLACED
1976,530,2025-03-13,PLACED
1977,347,2025-11-19,RETURNED
1978,169,2026-03-21,PLACED
1979,403,2025-02-07,SHIPPED
1980,589,2025-03-01,DELIVERED
1981,430,2026-02-16,DELIVERED
1982,,2025-12-19,PLACED
1983,287,2026-06-25,SHIPPED
1984,414,2026-04-02,SHIPPED
1985,558,2026-03-29,DELIVERED
1986,415,2025-07-22,DELIVERED
1987,,2025-02-07,DELIVERED
1988,400,2025-05-10,DELIVERED
1989,219,2025-04-06,DELIVERED
1990,534,2025-12-15,SHIPPED
1991,24,2025-01-29,DELIVERED
1992,248,2025-11-08,RETURNED
1993,518,2025-04-24,PLACED
1994,382,2025-09-23,DELIVERED
1995,127,2025-02-18,PLACED
1996,460,2025-11-02,PLACED
1997,465,2025-12-14,SHIPPED
1998,596,2026-07-01,SHIPPED
1999,359,2025-11-03,DELIVERED
2000,587,2025-05-24,RETURNED
2001,533,2025-09-11,PLACED
2002,336,2026-06-13,SHIPPED
2003,370,2026-04-11,PLACED
2004,151,2026-03-12,RETURNED
2005,84,2025-04-05,PLACED
2006,436,2025-05-14,RETURNED
2007,220,2026-04-02,PLACED
2008,379,2026-06-23,RETURNED
2009,573,2026-06-16,RETURNED
2010,271,2026-05-26,RETURNED
2011,451,2026-05-17,RETURNED
2012,167,2025-05-28,SHIPPED
2013,497,2026-04-14,SHIPPED
2014,526,2026-06-26,PLACED
2015,218,2026-04-12,RETURNED
2016,34,2025-06-10,DELIVERED
2017,122,2026-02-23,PLACED
2018,124,2026-01-14,DELIVERED
2019,42,2026-06-20,SHIPPED
2020,121,2026-01-16,DELIVERED
2021,384,2025-11-07,DELIVERED
2022,498,2025-01-29,SHIPPED
2023,146,2026-03-08,PLACED
2024,313,2025-10-18,SHIPPED
2025,188,2026-05-16,PLACED
2026,126,2025-12-24,PLACED
2027,46,2026-03-04,RETURNED
2028,587,2025-11-14,RETURNED
2029,,2026-01-22,RETURNED
2030,136,2025-05-22,RETURNED
2031,461,2026-04-05,SHIPPED
2032,334,2025-04-02,RETURNED
2033,397,2025-08-27,RETURNED
2034,348,2025-02-16,RETURNED
2035,285,2025-04-01,SHIPPED
2036,26,2025-11-13,PLACED
2037,573,2025-03-29,SHIPPED
2038,555,2025-02-24,SHIPPED
2039,488,2026-05-30,PLACED
2040,124,2026-06-29,SHIPPED
2041,20,2025-10-09,SHIPPED
2042,252,2026-03-31,PLACED
2043,547,2025-11-25,RETURNED
2044,47,2026-05-19,PLACED
2045,349,2026-03-24,SHIPPED
2046,425,2025-01-25,DELIVERED
2047,392,2025-09-21,PLACED
2048,118,2025-04-12,SHIPPED
2049,293,2025-05-28,SHIPPED
2050,262,2025-04-02,SHIPPED
2051,315,2026-02-22,SHIPPED
2052,61,2025-11-30,SHIPPED
2053,28,2025-03-01,DELIVERED
2054,400,2025-04-12,DELIVERED
2055,146,2026-02-27,DELIVERED
2056,265,2026-01-20,PLACED
2057,54,2025-07-27,SHIPPED
2058,243,2026-05-20,RETURNED
2059,118,2025-10-03,PLACED
2060,326,2026-04-21,RETURNED
2061,68,2026-05-11,PLACED
2062,418,2025-08-28,PLACED
2063,276,2025-04-14,SHIPPED
2064,,2025-05-09,DELIVERED
2065,582,2026-02-21,RETURNED
2066,86,2026-05-28,SHIPPED
2067,146,2026-01-18,SHIPPED
2068,252,2026-07-05,RETURNED
2069,569,2026-04-08,PLACED
2070,2,2026-04-21,DELIVERED
2071,172,2025-01-01,PLACED
2072,,2025-10-07,DELIVERED
2073,390,2025-12-26,SHIPPED
2074,600,2026-06-07,DELIVERED
2075,47,2025-06-15,PLACED
2076,308,2025-04-02,RETURNED
2077,126,2025-05-24,DELIVERED
2078,443,2025-08-04,DELIVERED
2079,351,2025-09-25,RETURNED
2080,280,2025-09-09,DELIVERED
2081,350,2025-08-04,RETURNED
2082,337,2025-01-17,SHIPPED
2083,3,2026-05-03,PLACED
2084,10,2025-06-27,RETURNED
2085,570,2026-05-16,RETURNED
2086,552,2025-03-25,PLACED
2087,552,2025-02-01,RETURNED
2088,127,2025-12-28,RETURNED
2089,367,2026-02-01,SHIPPED
2090,9,2025-05-08,RETURNED
2091,380,2025-07-17,RETURNED
2092,10,2025-08-15,PLACED
2093,,2026-01-02,SHIPPED
2094,93,2025-11-07,SHIPPED
2095,240,2026-05-21,DELIVERED
2096,38,2025-10-15,RETURNED
2097,215,2025-01-08,SHIPPED
2098,,2025-04-24,DELIVERED
2099,583,2026-05-28,RETURNED
2100,175,2025-07-18,SHIPPED
2101,67,2025-05-12,PLACED
2102,131,2025-09-23,SHIPPED
2103,536,2025-10-08,SHIPPED
2104,24,2026-06-30,DELIVERED
2105,574,2026-04-10,PLACED
2106,438,2025-02-23,DELIVERED
2107,443,2026-02-21,DELIVERED
2108,125,2026-06-15,RETURNED
2109,508,2026-01-06,PLACED
2110,230,2025-02-18,DELIVERED
2111,431,2026-06-30,RETURNED
2112,324,2025-01-06,RETURNED
2113,200,2025-12-09,PLACED
2114,586,2025-01-26,SHIPPED
2115,,2025-03-18,SHIPPED
2116,202,2025-06-18,DELIVERED
2117,319,2025-03-06,PLACED
2118,29,2026-05-07,RETURNED
2119,25,2025-12-09,DELIVERED
2120,254,2025-04-21,RETURNED
2121,245,2025-12-15,PLACED
2122,,2026-06-17,SHIPPED
2123,75,2026-03-26,PLACED
2124,458,2025-05-08,PLACED
2125,63,2025-02-04,RETURNED
2126,321,2025-03-08,SHIPPED
2127,64,2026-03-29,PLACED
2128,309,2026-03-19,PLACED
2129,105,2025-02-27,PLACED
2130,,2026-01-26,RETURNED
2131,99,2026-02-25,SHIPPED
2132,11,2026-04-10,RETURNED
2133,476,2026-03-15,PLACED
2134,348,2025-01-27,RETURNED
2135,530,2025-12-03,SHIPPED
2136,111,2025-04-16,PLACED
2137,70,2025-07-18,SHIPPED
2138,522,2025-09-20,DELIVERED
2139,432,2026-05-08,RETURNED
2140,191,2025-09-06,SHIPPED
2141,46,2025-03-03,SHIPPED
2142,320,2026-03-23,DELIVERED
2143,319,2025-05-30,SHIPPED
2144,481,2025-11-13,DELIVERED
2145,299,2026-01-13,PLACED
2146,531,2025-05-29,PLACED
2147,244,2026-06-04,PLACED
2148,433,2025-12-19,SHIPPED
2149,206,2025-07-26,PLACED
2150,350,2025-07-13,RETURNED
2151,479,2025-12-06,DELIVERED
2152,307,2026-03-05,DELIVERED
2153,167,2025-04-18,RETURNED
2154,44,2026-05-23,SHIPPED
2155,4,2025-08-17,SHIPPED
2156,478,2025-08-07,SHIPPED
2157,,2025-12-06,RETURNED
2158,211,2026-02-14,SHIPPED
2159,7,2026-01-07,PLACED
2160,76,2026-01-02,PLACED
2161,569,2025-04-28,SHIPPED
2162,298,2026-03-27,SHIPPED
2163,600,2026-01-04,PLACED
2164,31,2025-07-23,SHIPPED
2165,291,2025-06-28,SHIPPED
2166,269,2025-06-28,DELIVERED
2167,568,2025-09-09,SHIPPED
2168,201,2025-01-23,SHIPPED
2169,269,2025-04-14,PLACED
2170,141,2026-01-24,PLACED
2171,347,2025-08-04,DELIVERED
2172,468,2025-09-03,DELIVERED
2173,382,2025-06-25,RETURNED
2174,67,2025-05-02,SHIPPED
2175,134,2025-07-14,SHIPPED
2176,546,2026-01-23,DELIVERED
2177,326,2026-03-16,SHIPPED
2178,48,2025-07-13,DELIVERED
2179,153,2025-12-02,SHIPPED
2180,55,2025-10-14,SHIPPED
2181,521,2026-05-16,SHIPPED
2182,84,2026-04-27,PLACED
2183,172,2026-06-05,RETURNED
2184,522,2026-01-19,RETURNED
2185,532,2026-04-21,SHIPPED
2186,330,2026-01-18,RETURNED
2187,507,2026-05-01,DELIVERED
2188,596,2026-02-15,PLACED
2189,213,2025-08-13,SHIPPED
2190,463,2025-08-29,RETURNED
2191,224,2025-11-10,RETURNED
2192,387,2025-06-10,DELIVERED
2193,261,2025-03-28,SHIPPED
2194,87,2025-10-30,RETURNED
2195,532,2025-12-27,SHIPPED
2196,598,2025-02-12,RETURNED
2197,525,2025-12-11,RETURNED
2198,462,2026-04-24,RETURNED
2199,419,2026-01-12,RETURNED
2200,325,2025-10-07,RETURNED
2201,26,2025-07-03,RETURNED
2202,240,2025-09-29,PLACED
2203,368,2025-03-26,DELIVERED
2204,514,2026-06-10,PLACED
2205,284,2025-08-22,PLACED
2206,122,2025-03-15,DELIVERED
2207,40,2025-07-25,DELIVERED
2208,202,2025-12-04,DELIVERED
2209,310,2025-10-09,SHIPPED
2210,142,2025-09-25,PLACED
2211,307,2025-10-16,DELIVERED
2212,414,2026-02-20,PLACED
2213,484,2026-06-09,SHIPPED
2214,408,2025-08-22,SHIPPED
2215,215,2026-05-01,SHIPPED
2216,529,2026-04-25,RETURNED
2217,349,2025-03-29,DELIVERED
2218,193,2026-03-16,RETURNED
2219,215,2026-03-26,RETURNED
2220,572,2025-01-31,DELIVERED
2221,143,2025-05-12,DELIVERED
2222,10,2026-05-27,DELIVERED
2223,348,2025-08-19,RETURNED
2224,436,2026-02-18,DELIVERED
2225,334,2025-01-24,PLACED
2226,,2025-06-07,DELIVERED
2227,582,2026-02-05,RETURNED
2228,210,2026-02-05,PLACED
2229,548,2026-01-31,SHIPPED
2230,487,2025-04-22,DELIVERED
2231,584,2026-04-08,DELIVERED
2232,96,2025-06-25,PLACED
2233,567,2025-07-01,PLACED
2234,501,2025-01-28,SHIPPED
2235,204,2025-03-13,RETURNED
2236,,2025-07-30,SHIPPED
2237,299,2026-06-21,PLACED
2238,466,2025-02-28,DELIVERED
2239,531,2025-01-12,SHIPPED
2240,,2026-02-25,RETURNED
2241,161,2025-04-24,SHIPPED
2242,550,2026-03-05,RETURNED
2243,71,2026-02-03,SHIPPED
2244,134,2025-07-30,DELIVERED
2245,443,2026-05-02,SHIPPED
2246,589,2025-11-14,SHIPPED
2247,515,2026-04-15,DELIVERED
2248,207,2025-01-08,SHIPPED
2249,457,2025-03-07,RETURNED
2250,253,2026-06-23,DELIVERED
2251,583,2026-05-18,RETURNED
2252,474,2025-02-10,PLACED
2253,295,2026-04-13,DELIVERED
2254,305,2026-02-05,SHIPPED
2255,426,2025-09-13,SHIPPED
2256,443,2026-04-14,RETURNED
2257,188,2025-04-08,RETURNED
2258,45,2025-09-03,SHIPPED
2259,281,2026-07-05,DELIVERED
2260,69,2025-08-11,RETURNED
2261,422,2025-05-05,DELIVERED
2262,79,2025-04-18,DELIVERED
2263,420,2026-04-07,SHIPPED
2264,259,2025-08-01,PLACED
2265,474,2025-01-28,PLACED
2266,473,2026-01-26,DELIVERED
2267,409,2025-07-19,RETURNED
2268,39,2025-01-11,DELIVERED
2269,118,2025-05-20,DELIVERED
2270,476,2026-05-12,RETURNED
2271,,2025-03-26,SHIPPED
2272,449,2025-05-24,RETURNED
2273,286,2025-06-15,SHIPPED
2274,19,2025-04-13,SHIPPED
2275,302,2025-05-08,RETURNED
2276,173,2025-03-21,PLACED
2277,280,2025-06-07,RETURNED
2278,367,2025-07-02,SHIPPED
2279,36,2026-06-30,SHIPPED
2280,453,2025-02-18,PLACED
2281,400,2025-11-12,RETURNED
2282,54,2025-01-05,PLACED
2283,387,2025-07-26,SHIPPED
2284,384,2025-09-02,SHIPPED
2285,94,2025-01-17,RETURNED
2286,29,2025-01-15,DELIVERED
2287,197,2025-03-06,SHIPPED
2288,99,2025-06-21,SHIPPED
2289,46,2026-03-02,PLACED
2290,,2025-11-27,SHIPPED
2291,213,2026-02-09,RETURNED
2292,124,2025-08-26,SHIPPED
2293,109,2026-01-01,DELIVERED
2294,178,2025-01-16,RETURNED
2295,324,2025-01-13,RETURNED
2296,218,2026-04-15,SHIPPED
2297,68,2025-10-13,DELIVERED
2298,45,2025-03-10,SHIPPED
2299,421,2025-11-05,RETURNED
2300,105,2026-07-04,SHIPPED
2301,258,2025-04-08,DELIVERED
2302,398,2025-05-17,DELIVERED
2303,,2025-11-22,RETURNED
2304,70,2025-12-10,PLACED
2305,600,2026-04-05,RETURNED
2306,524,2025-08-27,PLACED
2307,239,2025-01-22,PLACED
2308,317,2025-08-31,RETURNED
2309,250,2025-03-23,PLACED
2310,,2026-01-19,RETURNED
2311,304,2025-07-26,SHIPPED
2312,385,2025-07-29,PLACED
2313,244,2026-03-31,DELIVERED
2314,138,2025-10-12,DELIVERED
2315,41,2026-06-18,RETURNED
2316,296,2025-01-25,SHIPPED
2317,,2025-12-17,SHIPPED
2318,211,2025-02-25,SHIPPED
2319,228,2026-01-26,DELIVERED
2320,188,2026-03-29,PLACED
2321,67,2026-05-19,PLACED
2322,,2025-02-23,SHIPPED
2323,210,2025-05-09,PLACED
2324,178,2025-07-29,SHIPPED
2325,520,2025-03-22,RETURNED
2326,479,2025-11-15,SHIPPED
2327,203,2025-09-08,RETURNED
2328,181,2025-09-12,DELIVERED
2329,293,2026-04-05,SHIPPED
2330,279,2026-05-08,PLACED
2331,369,2026-02-12,RETURNED
2332,172,2026-04-28,RETURNED
2333,433,2026-06-02,RETURNED
2334,160,2026-05-09,PLACED
2335,391,2026-03-14,PLACED
2336,308,2026-07-05,SHIPPED
2337,567,2025-06-29,DELIVERED
2338,390,2026-04-20,DELIVERED
2339,465,2025-10-18,RETURNED
2340,576,2026-05-08,PLACED
2341,342,2025-05-20,RETURNED
2342,201,2025-06-08,SHIPPED
2343,5,2025-01-14,DELIVERED
2344,504,2026-02-19,RETURNED
2345,405,2026-01-18,RETURNED
2346,502,2025-11-12,PLACED
2347,419,2025-02-09,PLACED
2348,395,2025-06-16,SHIPPED
2349,447,2025-09-19,DELIVERED
2350,522,2026-05-16,DELIVERED
2351,60,2026-01-30,RETURNED
2352,253,2025-09-06,RETURNED
2353,36,2026-01-06,PLACED
2354,152,2025-09-25,RETURNED
2355,151,2025-09-18,SHIPPED
2356,593,2025-06-15,PLACED
2357,120,2025-04-05,RETURNED
2358,408,2025-03-24,SHIPPED
2359,434,2025-06-19,RETURNED
2360,259,2025-11-06,RETURNED
2361,316,2026-02-26,PLACED
2362,112,2025-12-19,SHIPPED
2363,276,2025-08-03,RETURNED
2364,316,2025-01-07,SHIPPED
2365,504,2025-01-02,PLACED
2366,72,2026-03-04,RETURNED
2367,296,2026-03-18,SHIPPED
2368,181,2026-01-19,SHIPPED
2369,,2025-07-22,RETURNED
2370,187,2026-05-30,PLACED
2371,462,2025-08-06,SHIPPED
2372,206,2025-03-02,SHIPPED
2373,197,2025-09-23,RETURNED
2374,452,2025-04-22,SHIPPED
2375,82,2025-10-28,PLACED
2376,387,2025-05-08,DELIVERED
2377,66,2025-12-17,PLACED
2378,,2025-08-29,RETURNED
2379,497,2025-04-14,PLACED
2380,63,2025-09-30,PLACED
2381,597,2025-02-12,PLACED
2382,217,2026-06-19,PLACED
2383,385,2026-06-17,DELIVERED
2384,498,2026-04-30,DELIVERED
2385,440,2025-12-11,DELIVERED
2386,352,2025-11-19,SHIPPED
2387,370,2026-02-13,RETURNED
2388,59,2025-12-31,DELIVERED
2389,103,2025-01-04,RETURNED
2390,412,2025-05-23,PLACED
2391,126,2026-06-28,DELIVERED
2392,255,2026-01-13,RETURNED
2393,487,2026-06-12,RETURNED
2394,193,2025-01-04,DELIVERED
2395,,2026-01-04,PLACED
2396,334,2026-03-31,SHIPPED
2397,497,2026-02-14,PLACED
2398,357,2026-03-15,RETURNED
2399,103,2026-01-30,DELIVERED
2400,200,2025-05-27,PLACED
2401,131,2026-05-25,PLACED
2402,309,2026-04-24,SHIPPED
2403,457,2025-04-29,RETURNED
2404,554,2025-09-04,SHIPPED
2405,217,2025-06-24,PLACED
2406,109,2026-03-22,PLACED
2407,165,2025-12-01,RETURNED
2408,288,2025-08-14,DELIVERED
2409,488,2025-05-07,SHIPPED
2410,548,2026-05-19,PLACED
2411,341,2025-08-18,PLACED
2412,352,2026-01-22,RETURNED
2413,576,2026-03-24,SHIPPED
2414,229,2025-09-23,PLACED
2415,298,2025-03-31,PLACED
2416,92,2025-12-15,SHIPPED
2417,119,2026-01-12,SHIPPED
2418,321,2026-01-25,PLACED
2419,319,2025-03-05,SHIPPED
2420,398,2026-03-10,DELIVERED
2421,374,2025-05-10,SHIPPED
2422,110,2026-02-09,PLACED
2423,552,2026-04-17,DELIVERED
2424,149,2025-10-31,SHIPPED
2425,512,2026-04-12,SHIPPED
2426,291,2025-05-30,PLACED
2427,328,2025-11-13,PLACED
2428,281,2026-05-05,SHIPPED
2429,507,2025-10-26,RETURNED
2430,61,2025-12-08,SHIPPED
2431,216,2025-08-19,PLACED
2432,184,2026-05-15,RETURNED
2433,307,2025-06-13,PLACED
2434,562,2026-02-06,DELIVERED
2435,,2026-04-30,DELIVERED
2436,401,2026-02-05,PLACED
2437,541,2025-10-17,DELIVERED
2438,200,2026-02-08,PLACED
2439,135,2025-11-28,PLACED
2440,312,2026-04-14,SHIPPED
2441,592,2025-05-21,RETURNED
2442,495,2025-10-26,SHIPPED
2443,215,2025-08-12,SHIPPED
2444,10,2026-01-06,PLACED
2445,152,2026-01-21,RETURNED
2446,,2025-02-27,PLACED
2447,365,2026-05-01,SHIPPED
2448,54,2025-05-01,DELIVERED
2449,445,2025-06-02,RETURNED
2450,251,2025-02-04,PLACED
2451,247,2026-02-11,RETURNED
2452,310,2025-06-26,RETURNED
2453,92,2026-04-20,RETURNED
2454,282,2026-04-01,DELIVERED
2455,12,2025-05-03,PLACED
2456,85,2025-05-05,RETURNED
2457,522,2025-08-19,PLACED
2458,587,2026-05-07,DELIVERED
2459,97,2025-07-05,RETURNED
2460,496,2026-03-21,DELIVERED
2461,586,2025-05-09,PLACED
2462,334,2025-03-07,SHIPPED
2463,416,2025-01-21,RETURNED
2464,570,2026-07-04,RETURNED
2465,66,2026-06-16,PLACED
2466,213,2025-05-01,SHIPPED
2467,185,2025-01-06,RETURNED
2468,322,2025-05-06,PLACED
2469,132,2025-07-31,SHIPPED
2470,90,2025-09-20,PLACED
2471,87,2025-05-08,DELIVERED
2472,373,2025-06-25,RETURNED
2473,1,2025-09-12,DELIVERED
2474,,2026-06-16,DELIVERED
2475,547,2026-04-01,SHIPPED
2476,591,2026-05-18,DELIVERED
2477,536,2025-12-27,SHIPPED
2478,102,2025-02-15,SHIPPED
2479,38,2025-07-12,SHIPPED
2480,307,2025-08-09,SHIPPED
2481,566,2025-08-10,DELIVERED
2482,285,2025-05-12,RETURNED
2483,77,2025-09-19,DELIVERED
2484,391,2025-06-17,RETURNED
2485,468,2025-03-27,DELIVERED
2486,436,2025-05-27,SHIPPED
2487,73,2025-10-03,SHIPPED
2488,382,2026-06-08,SHIPPED
2489,430,2025-06-07,DELIVERED
2490,445,2026-01-24,PLACED
2491,254,2025-03-21,DELIVERED
2492,128,2026-06-29,PLACED
2493,562,2026-02-21,PLACED
2494,338,2025-04-02,DELIVERED
2495,342,2025-10-07,SHIPPED
2496,232,2025-10-08,PLACED
2497,101,2026-01-22,SHIPPED
2498,388,2025-04-18,PLACED
2499,180,2026-06-24,DELIVERED
2500,502,2025-04-08,DELIVERED
2501,586,2025-10-16,DELIVERED
2502,102,2025-02-19,SHIPPED
2503,326,2026-02-03,SHIPPED
2504,354,2026-06-29,RETURNED
2505,489,2025-05-11,DELIVERED
2506,10,2026-06-10,SHIPPED
2507,130,2025-05-27,RETURNED
2508,582,2025-10-01,PLACED
2509,380,2025-09-13,RETURNED
2510,,2025-07-07,RETURNED
2511,363,2026-04-25,DELIVERED
2512,283,2026-03-15,SHIPPED
2513,313,2025-03-31,DELIVERED
2514,417,2025-11-17,PLACED
2515,82,2025-03-20,SHIPPED
2516,96,2025-06-19,PLACED
2517,87,2025-10-20,RETURNED
2518,11,2026-03-11,SHIPPED
2519,492,2026-05-25,PLACED
2520,,2025-01-15,SHIPPED
2521,8,2026-03-12,DELIVERED
2522,251,2026-06-25,PLACED
2523,460,2025-06-22,SHIPPED
2524,180,2025-03-18,DELIVERED
2525,137,2026-06-11,DELIVERED
2526,53,2026-03-09,RETURNED
2527,389,2025-06-24,DELIVERED
2528,,2025-12-13,SHIPPED
2529,553,2025-05-01,DELIVERED
2530,307,2026-05-10,DELIVERED
2531,272,2025-08-07,PLACED
2532,583,2026-02-08,SHIPPED
2533,313,2026-06-12,PLACED
2534,475,2026-05-15,PLACED
2535,365,2025-01-07,RETURNED
2536,337,2025-11-02,DELIVERED
2537,110,2025-01-06,DELIVERED
2538,191,2026-02-16,DELIVERED
2539,10,2025-04-14,RETURNED
2540,504,2025-07-22,PLACED
2541,542,2026-06-11,SHIPPED
2542,421,2025-05-07,RETURNED
2543,8,2025-06-09,DELIVERED
2544,,2026-04-27,RETURNED
2545,384,2025-11-03,DELIVERED
2546,439,2025-07-06,DELIVERED
2547,112,2026-03-26,RETURNED
2548,166,2025-05-24,DELIVERED
2549,445,2025-01-06,DELIVERED
2550,204,2025-04-24,SHIPPED
2551,292,2025-02-11,SHIPPED
2552,405,2026-03-08,DELIVERED
2553,33,2025-06-14,SHIPPED
2554,491,2025-09-30,PLACED
2555,,2026-05-16,RETURNED
2556,131,2025-11-29,RETURNED
2557,514,2026-02-03,SHIPPED
2558,113,2025-04-21,PLACED
2559,130,2025-06-09,DELIVERED
2560,513,2025-01-14,SHIPPED
2561,54,2025-12-17,RETURNED
2562,9,2026-03-21,RETURNED
2563,297,2025-10-16,RETURNED
2564,85,2026-03-16,SHIPPED
2565,157,2026-06-08,SHIPPED
2566,256,2025-10-15,PLACED
2567,270,2025-09-11,RETURNED
2568,204,2026-05-01,PLACED
2569,515,2025-07-05,SHIPPED
2570,153,2025-08-23,PLACED
2571,136,2026-02-15,PLACED
2572,281,2025-07-16,SHIPPED
2573,437,2025-01-19,SHIPPED
2574,,2025-02-22,RETURNED
2575,418,2026-06-22,DELIVERED
2576,237,2025-08-16,DELIVERED
2577,437,2026-05-06,PLACED
2578,523,2026-03-14,PLACED
2579,312,2025-04-23,DELIVERED
2580,373,2025-10-15,DELIVERED
2581,429,2025-09-10,DELIVERED
2582,49,2025-07-06,PLACED
2583,1,2025-02-23,DELIVERED
2584,218,2025-10-20,RETURNED
2585,287,2025-04-14,RETURNED
2586,190,2025-09-16,RETURNED
2587,373,2025-12-09,DELIVERED
2588,115,2025-04-10,PLACED
2589,566,2025-05-14,DELIVERED
2590,370,2026-01-06,DELIVERED
2591,244,2025-10-10,SHIPPED
2592,599,2026-01-29,PLACED
2593,109,2025-05-14,PLACED
2594,43,2025-07-15,SHIPPED
2595,457,2025-04-12,PLACED
2596,560,2025-12-18,DELIVERED
2597,486,2025-07-26,SHIPPED
2598,45,2025-05-11,SHIPPED
2599,429,2025-09-16,DELIVERED
2600,375,2026-04-05,PLACED
2601,447,2025-03-11,RETURNED
2602,430,2026-06-21,PLACED
2603,171,2025-10-08,SHIPPED
2604,297,2025-02-16,PLACED
2605,195,2026-02-12,RETURNED
2606,,2026-06-10,PLACED
2607,170,2026-03-25,RETURNED
2608,576,2026-02-04,RETURNED
2609,279,2025-07-31,SHIPPED
2610,,2025-06-13,SHIPPED
2611,10,2026-06-10,RETURNED
2612,516,2026-06-22,DELIVERED
2613,311,2025-08-14,DELIVERED
2614,275,2025-05-02,SHIPPED
2615,230,2025-02-16,SHIPPED
2616,299,2025-02-10,SHIPPED
2617,285,2025-05-17,DELIVERED
2618,53,2025-09-12,SHIPPED
2619,548,2025-04-29,PLACED
2620,356,2026-01-13,DELIVERED
2621,,2025-09-28,SHIPPED
2622,419,2025-10-29,DELIVERED
2623,59,2025-01-11,DELIVERED
2624,225,2025-10-14,SHIPPED
2625,263,2025-01-17,PLACED
2626,392,2025-09-21,SHIPPED
2627,453,2025-08-14,DELIVERED
2628,276,2025-07-28,RETURNED
2629,160,2026-04-02,SHIPPED
2630,445,2026-01-13,SHIPPED
2631,491,2025-04-06,RETURNED
2632,186,2026-04-16,SHIPPED
2633,181,2025-07-13,RETURNED
2634,185,2025-10-16,PLACED
2635,318,2025-06-16,SHIPPED
2636,404,2025-07-12,PLACED
2637,147,2025-03-15,RETURNED
2638,252,2026-04-11,RETURNED
2639,103,2026-06-24,SHIPPED
2640,13,2025-04-13,RETURNED
2641,394,2025-01-22,PLACED
2642,14,2025-02-14,SHIPPED
2643,255,2025-03-27,DELIVERED
2644,147,2025-01-14,PLACED
2645,109,2025-12-13,PLACED
2646,208,2025-05-23,RETURNED
2647,577,2026-03-31,SHIPPED
2648,315,2025-12-06,RETURNED
2649,159,2025-09-07,PLACED
2650,557,2025-10-01,PLACED
2651,22,2025-02-15,PLACED
2652,558,2025-10-31,PLACED
2653,524,2026-03-02,SHIPPED
2654,2,2025-08-18,PLACED
2655,233,2026-03-14,RETURNED
2656,151,2025-12-28,DELIVERED
2657,232,2026-01-29,PLACED
2658,504,2025-06-23,PLACED
2659,230,2025-04-15,DELIVERED
2660,366,2025-03-20,DELIVERED
2661,122,2026-01-05,PLACED
2662,,2025-06-04,SHIPPED
2663,439,2026-06-28,DELIVERED
2664,186,2026-03-12,SHIPPED
2665,309,2025-10-21,DELIVERED
2666,107,2025-10-05,RETURNED
2667,378,2025-09-29,PLACED
2668,3,2025-06-02,SHIPPED
2669,328,2025-06-01,RETURNED
2670,458,2026-05-05,PLACED
2671,116,2026-03-14,DELIVERED
2672,149,2025-04-03,DELIVERED
2673,131,2025-07-06,RETURNED
2674,362,2025-11-23,RETURNED
2675,435,2026-05-08,RETURNED
2676,342,2025-05-22,SHIPPED
2677,393,2026-03-05,RETURNED
2678,552,2026-07-01,RETURNED
2679,546,2026-07-04,SHIPPED
2680,394,2025-03-27,RETURNED
2681,540,2025-08-13,PLACED
2682,241,2026-01-06,PLACED
2683,209,2025-01-18,DELIVERED
2684,572,2026-05-01,SHIPPED
2685,113,2025-03-03,DELIVERED
2686,370,2025-05-23,DELIVERED
2687,472,2025-05-28,RETURNED
2688,249,2025-08-04,SHIPPED
2689,58,2025-05-22,PLACED
2690,147,2026-01-22,PLACED
2691,435,2026-01-16,PLACED
2692,109,2025-03-17,RETURNED
2693,162,2025-01-31,SHIPPED
2694,375,2025-05-25,PLACED
2695,251,2025-03-20,PLACED
2696,,2026-03-03,SHIPPED
2697,187,2026-04-27,SHIPPED
2698,541,2025-11-03,RETURNED
2699,422,2025-12-12,RETURNED
2700,14,2025-10-21,PLACED
2701,160,2025-03-03,PLACED
2702,178,2026-05-31,SHIPPED
2703,12,2026-02-10,RETURNED
2704,466,2025-09-22,DELIVERED
2705,233,2026-03-10,SHIPPED
2706,279,2025-04-05,RETURNED
2707,129,2025-08-05,RETURNED
2708,58,2025-08-13,RETURNED
2709,189,2025-03-21,RETURNED
2710,489,2025-11-17,RETURNED
2711,390,2025-06-18,PLACED
2712,381,2026-03-11,SHIPPED
2713,277,2025-04-22,PLACED
2714,80,2026-01-07,DELIVERED
2715,29,2025-09-03,DELIVERED
2716,167,2025-04-20,PLACED
2717,217,2025-01-12,DELIVERED
2718,193,2025-07-26,PLACED
2719,247,2025-10-03,PLACED
2720,584,2025-02-15,RETURNED
2721,47,2025-02-19,DELIVERED
2722,96,2025-11-13,PLACED
2723,366,2025-10-17,RETURNED
2724,513,2025-07-19,DELIVERED
2725,401,2025-12-31,SHIPPED
2726,100,2025-12-06,RETURNED
2727,516,2025-04-14,SHIPPED
2728,25,2026-01-27,RETURNED
2729,39,2025-10-25,SHIPPED
2730,156,2026-04-20,PLACED
2731,96,2025-08-26,SHIPPED
2732,145,2025-06-14,DELIVERED
2733,459,2025-05-15,DELIVERED
2734,298,2026-01-04,RETURNED
2735,41,2026-02-01,SHIPPED
2736,214,2025-03-18,SHIPPED
2737,581,2026-05-25,PLACED
2738,16,2025-05-27,DELIVERED
2739,561,2025-03-31,RETURNED
2740,97,2026-04-11,DELIVERED
2741,174,2025-10-30,SHIPPED
2742,70,2025-10-14,DELIVERED
2743,362,2025-04-02,PLACED
2744,184,2026-04-17,DELIVERED
2745,,2025-09-20,RETURNED
2746,144,2025-05-07,RETURNED
2747,41,2026-01-08,DELIVERED
2748,411,2026-02-23,SHIPPED
2749,452,2026-01-11,DELIVERED
2750,383,2025-03-27,RETURNED
2751,519,2026-04-06,DELIVERED
2752,44,2025-02-28,SHIPPED
2753,575,2025-01-09,SHIPPED
2754,108,2025-10-25,RETURNED
2755,163,2026-02-13,PLACED
2756,229,2026-02-02,RETURNED
2757,96,2025-12-24,RETURNED
2758,480,2026-07-02,RETURNED
2759,112,2025-03-29,SHIPPED
2760,111,2026-02-11,RETURNED
2761,205,2026-02-16,DELIVERED
2762,67,2025-11-21,DELIVERED
2763,,2025-08-06,RETURNED
2764,118,2025-10-13,RETURNED
2765,40,2025-06-09,RETURNED
2766,150,2025-08-07,DELIVERED
2767,582,2025-02-02,RETURNED
2768,,2026-01-06,RETURNED
2769,485,2025-08-07,PLACED
2770,217,2025-01-24,RETURNED
2771,277,2025-09-16,SHIPPED
2772,86,2025-05-26,PLACED
2773,281,2026-02-19,PLACED
2774,306,2026-04-08,RETURNED
2775,538,2025-08-08,DELIVERED
2776,189,2025-02-25,PLACED
2777,439,2025-12-17,DELIVERED
2778,169,2025-07-23,DELIVERED
2779,430,2026-05-09,RETURNED
2780,,2025-06-14,RETURNED
2781,,2026-02-03,PLACED
2782,575,2025-07-23,PLACED
2783,593,2025-05-29,DELIVERED
2784,325,2025-01-15,SHIPPED
2785,470,2025-06-01,RETURNED
2786,325,2025-04-27,RETURNED
2787,270,2026-06-18,PLACED
2788,462,2025-05-09,RETURNED
2789,593,2025-04-10,PLACED
2790,224,2025-07-12,RETURNED
2791,,2025-06-20,RETURNED
2792,222,2025-12-23,SHIPPED
2793,196,2025-01-15,DELIVERED
2794,373,2025-01-17,DELIVERED
2795,315,2026-05-30,PLACED
2796,512,2026-04-12,RETURNED
2797,421,2025-12-27,DELIVERED
2798,556,2026-03-13,DELIVERED
2799,,2025-06-30,RETURNED
2800,439,2026-01-18,SHIPPED
2801,567,2025-06-16,RETURNED
2802,391,2025-10-19,RETURNED
2803,291,2025-04-12,PLACED
2804,107,2025-04-02,PLACED
2805,422,2025-04-17,RETURNED
2806,558,2025-04-13,RETURNED
2807,,2025-02-03,DELIVERED
2808,431,2025-08-05,SHIPPED
2809,466,2026-01-26,PLACED
2810,201,2026-04-26,PLACED
2811,360,2026-04-21,RETURNED
2812,406,2025-01-08,DELIVERED
2813,230,2026-06-04,DELIVERED
2814,275,2025-09-28,DELIVERED
2815,425,2025-09-05,PLACED
2816,425,2025-02-03,PLACED
2817,27,2025-06-07,DELIVERED
2818,,2025-11-22,DELIVERED
2819,175,2026-03-17,SHIPPED
2820,570,2026-02-05,SHIPPED
2821,403,2025-02-22,RETURNED
2822,132,2026-02-04,SHIPPED
2823,413,2025-11-22,SHIPPED
2824,448,2025-08-25,PLACED
2825,130,2026-06-01,PLACED
2826,591,2026-02-06,DELIVERED
2827,567,2025-06-12,DELIVERED
2828,209,2025-04-06,PLACED
2829,,2026-03-24,PLACED
2830,157,2025-01-29,PLACED
2831,586,2026-01-27,PLACED
2832,134,2026-04-10,DELIVERED
2833,192,2025-09-03,SHIPPED
2834,305,2025-07-18,SHIPPED
2835,388,2025-09-24,PLACED
2836,282,2025-03-26,SHIPPED
2837,24,2025-04-16,PLACED
2838,471,2025-05-06,PLACED
2839,146,2025-10-17,DELIVERED
2840,185,2025-04-06,PLACED
2841,507,2026-01-06,SHIPPED
2842,401,2025-04-14,RETURNED
2843,23,2026-02-28,PLACED
2844,,2025-03-20,SHIPPED
2845,430,2026-01-20,DELIVERED
2846,462,2025-06-14,SHIPPED
2847,306,2025-01-11,SHIPPED
2848,581,2025-02-02,PLACED
2849,352,2025-12-22,RETURNED
2850,560,2025-01-06,SHIPPED
2851,535,2025-09-18,PLACED
2852,198,2025-01-31,PLACED
2853,531,2026-06-09,SHIPPED
2854,222,2026-01-09,PLACED
2855,223,2025-01-31,DELIVERED
2856,142,2025-08-14,PLACED
2857,130,2025-10-02,DELIVERED
2858,494,2025-07-24,PLACED
2859,357,2025-10-29,RETURNED
2860,508,2026-03-23,RETURNED
2861,198,2025-09-14,SHIPPED
2862,203,2025-10-15,RETURNED
2863,106,2025-11-16,SHIPPED
2864,211,2026-05-15,RETURNED
2865,457,2026-03-10,DELIVERED
2866,327,2025-04-21,RETURNED
2867,440,2025-07-24,DELIVERED
2868,383,2025-03-07,RETURNED
2869,172,2025-02-04,DELIVERED
2870,420,2025-10-28,DELIVERED
2871,408,2025-01-31,PLACED
2872,185,2025-11-27,RETURNED
2873,191,2026-01-02,SHIPPED
2874,,2025-08-09,DELIVERED
2875,381,2025-05-29,DELIVERED
2876,126,2025-01-10,DELIVERED
2877,12,2025-12-03,SHIPPED
2878,477,2025-11-26,SHIPPED
2879,576,2025-03-09,RETURNED
2880,291,2025-08-06,SHIPPED
2881,106,2025-10-12,PLACED
2882,588,2026-03-08,RETURNED
2883,326,2025-11-24,SHIPPED
2884,202,2025-02-20,RETURNED
2885,511,2025-02-17,DELIVERED
2886,432,2025-05-03,PLACED
2887,464,2025-06-25,DELIVERED
2888,393,2025-08-31,PLACED
2889,292,2025-01-19,PLACED
2890,473,2025-10-19,SHIPPED
2891,413,2025-02-07,PLACED
2892,346,2025-01-17,PLACED
2893,482,2025-04-08,RETURNED
2894,309,2025-10-09,DELIVERED
2895,355,2026-02-14,PLACED
2896,570,2025-11-17,RETURNED
2897,49,2026-02-07,DELIVERED
2898,466,2026-05-21,PLACED
2899,383,2025-04-16,PLACED
2900,230,2025-02-18,PLACED
2901,143,2025-04-18,DELIVERED
2902,447,2025-08-20,SHIPPED
2903,91,2025-07-15,DELIVERED
2904,551,2025-01-06,PLACED
2905,266,2025-02-14,PLACED
2906,50,2025-11-08,PLACED
2907,271,2025-12-04,RETURNED
2908,277,2025-06-24,SHIPPED
2909,598,2026-04-17,PLACED
2910,130,2025-11-23,SHIPPED
2911,599,2026-02-28,RETURNED
2912,126,2026-06-19,SHIPPED
2913,592,2026-05-05,RETURNED
2914,288,2025-11-26,RETURNED
2915,232,2025-04-05,DELIVERED
2916,304,2025-03-26,DELIVERED
2917,572,2025-09-06,SHIPPED
2918,80,2025-03-18,RETURNED
2919,,2025-08-06,PLACED
2920,222,2026-04-25,RETURNED
2921,193,2026-05-15,PLACED
2922,349,2025-08-02,DELIVERED
2923,320,2026-04-10,SHIPPED
2924,517,2025-04-19,SHIPPED
2925,225,2026-01-08,RETURNED
2926,464,2026-06-10,SHIPPED
2927,410,2025-07-12,PLACED
2928,285,2026-03-10,SHIPPED
2929,315,2025-04-15,SHIPPED
2930,473,2025-04-20,PLACED
2931,247,2025-01-17,RETURNED
2932,192,2025-10-01,PLACED
2933,488,2026-06-28,RETURNED
2934,361,2025-09-29,PLACED
2935,564,2025-03-28,DELIVERED
2936,442,2025-08-06,SHIPPED
2937,,2026-05-30,RETURNED
2938,521,2025-12-08,PLACED
2939,452,2025-10-07,DELIVERED
2940,101,2025-02-20,RETURNED
2941,433,2025-07-18,DELIVERED
2942,194,2026-02-17,SHIPPED
2943,283,2026-06-27,RETURNED
2944,532,2026-03-20,PLACED
2945,52,2025-09-12,PLACED
2946,,2025-04-28,PLACED
2947,37,2025-09-30,SHIPPED
2948,68,2026-06-29,PLACED
2949,283,2025-08-20,RETURNED
2950,402,2026-02-07,PLACED
2951,226,2025-10-02,RETURNED
2952,211,2025-06-25,SHIPPED
2953,356,2025-10-22,DELIVERED
2954,4,2025-04-07,SHIPPED
2955,516,2026-05-04,DELIVERED
2956,245,2025-06-24,DELIVERED
2957,72,2025-06-20,SHIPPED
2958,341,2026-04-12,SHIPPED
2959,14,2026-05-01,RETURNED
2960,343,2025-01-22,SHIPPED
2961,271,2025-03-20,SHIPPED
2962,10,2025-12-27,RETURNED
2963,598,2025-01-02,RETURNED
2964,254,2026-04-29,PLACED
2965,47,2025-01-18,DELIVERED
2966,234,2026-06-22,SHIPPED
2967,151,2025-04-07,PLACED
2968,312,2025-12-10,RETURNED
2969,503,2025-12-26,DELIVERED
2970,499,2025-09-17,DELIVERED
2971,470,2025-01-14,DELIVERED
2972,309,2025-12-08,RETURNED
2973,116,2025-10-04,PLACED
2974,152,2026-02-25,SHIPPED
2975,146,2026-01-01,RETURNED
2976,32,2025-09-08,RETURNED
2977,369,2025-07-31,PLACED
2978,199,2026-01-22,PLACED
2979,281,2026-04-06,SHIPPED
2980,272,2025-12-24,DELIVERED
2981,401,2026-03-04,DELIVERED
2982,317,2025-07-15,PLACED
2983,594,2026-06-17,DELIVERED
2984,126,2026-03-20,RETURNED
2985,581,2025-12-22,DELIVERED
2986,113,2025-01-09,RETURNED
2987,151,2026-04-23,SHIPPED
2988,536,2025-10-24,SHIPPED
2989,311,2026-05-14,DELIVERED
2990,67,2025-10-29,PLACED
2991,465,2025-02-11,SHIPPED
2992,290,2025-05-07,PLACED
2993,501,2025-11-10,PLACED
2994,441,2025-12-27,PLACED
2995,52,2025-09-15,SHIPPED
2996,359,2025-10-18,SHIPPED
2997,89,2025-10-05,SHIPPED
2998,202,2026-03-19,PLACED
2999,298,2025-08-13,PLACED
3000,485,2025-12-30,SHIPPED
