order_id,product_id,quantity
154,75,4
1534,31,2
1316,111,4
1547,137,5
2280,205,-2
1035,503,4
2781,293,2
825,166,4
2165,197,1
2385,25,1
834,35,2
22,369,4
2328,74,3
760,541,4
779,213,5
1941,513,3
1461,142,1
1798,438,4
291,81,2
2119,306,1
484,511,2
211,339,1
918,297,3
1600,367,1
647,295,1
2189,248,5
2504,513,3
1636,59,5
2858,114,5
1930,270,1
133,347,4
1069,206,3
244,143,2
2241,338,1
966,506,1
2310,37,3
290,427,5
2509,83,5
1962,133,3
2963,43,1
146,509,5
923,359,-4
1957,311,2
88,57,1
804,548,5
1554,19,5
1975,54,4
1546,129,4
2873,438,5
565,119,4
484,377,3
794,352,4
238,244,2
377,11,2
1692,550,5
188,16,2
233,79,1
520,450,2
1158,45,3
1433,251,3
532,408,4
2694,126,1
313,257,5
844,507,3
903,455,3
1503,300,2
2158,274,3
2859,516,1
222,355,4
2890,498,3
322,209,2
2134,237,3
2265,216,1
1526,146,1
963,451,4
468,22,4
139,277,3
2410,394,3
347,62,3
2498,394,4
78,392,4
1819,46,2
843,389,2
2704,442,5
215,313,1
2219,357,1
2494,345,3
2421,222,1
1397,445,4
2987,59,1
2267,398,3
2191,475,4
2346,532,3
666,391,4
976,136,1
1150,281,1
1024,303,3
2340,405,1
2522,281,3
1101,257,5
51,128,3
2329,329,3
733,455,4
71,451,1
1911,38,3
1967,224,4
240,82,3
2500,322,1
1805,185,3
1132,266,4
522,233,2
602,51,2
469,40,2
2804,519,4
2376,325,1
2267,234,1
2927,266,3
67,362,5
2943,46,5
962,359,1
318,520,4
464,524,1
971,209,3
2337,381,4
293,437,3
587,26,3
2487,369,3
1672,384,4
1205,32,2
1509,46,3
615,27,1
2495,217,3
2093,521,5
2920,353,2
1552,34,2
1561,81,1
920,516,5
2582,429,5
497,541,1
2487,484,5
2132,452,3
1103,200,5
1201,250,3
996,371,2
1868,323,1
2839,247,4
1680,371,1
1442,518,1
1484,496,5
944,460,4
942,129,5
1004,418,5
2728,142,5
1067,294,3
1286,121,1
1674,432,5
608,507,2
737,465,1
684,124,4
1079,482,1
518,35,4
99,171,1
543,528,5
1590,433,3
523,412,5
989,301,1
1380,345,5
2494,111,1
303,364,4
1675,461,4
1185,489,2
752,522,1
624,8,5
2430,379,4
1554,329,4
724,521,5
1145,100,2
1218,506,3
198,531,5
2375,521,4
1169,331,4
1305,183,2
172,216,-4
2127,285,5
2521,322,1
1423,292,2
486,295,3
1994,450,2
694,296,3
2483,109,2
2730,286,2
394,212,5
2084,173,1
2452,41,5
2204,200,1
2001,27,3
833,289,5
1747,456,5
517,465,3
449,123,4
1771,506,3
356,141,3
2997,120,3
324,228,1
1340,161,5
1374,283,4
2584,526,-1
2896,323,1
1776,103,5
1301,195,5
2708,37,1
1008,141,5
1541,226,2
1087,482,2
1985,192,4
1158,135,2
2601,91,5
2963,220,1
1779,69,-4
2285,214,2
159,429,3
2513,390,-5
962,358,4
2173,185,3
950,300,4
2008,402,5
1463,493,3
396,225,1
1177,430,4
1333,254,4
475,181,4
1307,117,3
2855,408,2
1982,501,5
1688,241,1
1192,275,5
882,419,1
2304,331,3
2765,326,4
1604,453,4
1633,267,1
1100,498,2
1392,47,-3
1834,420,2
2345,171,5
845,113,5
2502,338,2
2478,21,1
1554,93,3
1445,65,1
2125,216,3
2194,204,2
2195,406,2
1189,166,3
1358,424,2
2265,255,1
148,21,5
420,514,4
1987,44,2
1160,309,1
943,254,1
1116,127,4
2685,411,2
1106,87,1
303,517,4
83,16,5
2478,156,1
2410,401,2
2481,320,3
1742,525,1
1238,281,-4
831,103,3
2688,483,4
1193,440,1
911,417,5
1141,495,-3
2879,547,5
1002,392,1
2036,404,3
2239,111,4
918,26,4
951,458,3
1953,112,3
1362,148,1
391,174,2
2007,256,1
579,413,5
1940,536,5
953,61,4
1033,422,3
1384,155,1
1317,417,1
1099,215,5
2002,512,3
2671,242,3
1890,495,5
2273,84,1
1744,80,4
522,14,2
2130,125,2
809,449,1
160,435,4
700,538,4
573,429,4
38,304,1
1784,302,3
2141,331,5
1523,170,2
1189,536,2
2515,381,5
2477,258,4
1896,216,3
2950,139,2
2148,486,1
1302,427,2
616,482,1
23,320,2
817,97,5
1879,339,1
251,480,5
641,69,3
2607,232,3
2576,15,2
1125,292,4
2394,314,3
2558,413,3
2299,208,1
2428,157,1
2993,222,3
731,270,5
420,130,5
2406,393,3
2358,284,5
2739,485,2
689,3,-2
887,94,5
601,147,2
1948,1,3
319,54,2
2096,451,4
2724,484,3
1240,513,1
987,403,4
1580,486,3
1277,535,3
2174,81,5
877,171,3
2914,147,4
2296,453,4
2848,257,1
2286,446,3
730,26,3
1910,355,4
876,196,4
1533,184,1
803,453,3
2155,200,1
2402,318,3
386,378,3
2060,14,5
1119,35,3
2629,491,4
180,260,3
2562,59,-5
125,483,5
2590,466,4
712,485,5
426,40,3
119,157,2
540,85,4
490,58,4
2612,64,3
400,285,2
2684,18,3
2753,325,2
2404,376,5
59,413,4
2735,63,1
791,514,2
2986,274,1
707,455,1
1129,204,5
1677,178,1
1275,281,5
1437,121,3
1910,89,-5
1897,91,1
371,187,1
761,326,5
2567,21,2
43,223,3
1886,84,2
1261,196,2
1272,55,-4
2892,294,2
1143,144,5
1293,424,2
772,280,2
726,303,3
2858,451,3
379,502,3
2371,373,3
2629,536,4
2585,175,1
2398,395,2
2204,216,4
1421,296,2
1402,516,5
1102,93,5
864,265,2
1916,268,1
473,530,2
1947,144,4
2404,331,3
2310,387,5
139,331,1
2579,368,1
651,432,4
1371,345,1
767,367,3
667,479,5
763,23,4
2526,468,5
2360,446,4
1940,250,3
2963,383,5
1384,495,4
1230,42,2
2077,111,4
1745,276,5
1642,30,2
2098,171,3
2445,537,2
2327,143,2
2718,342,1
371,317,2
1418,470,4
678,472,1
2698,152,2
705,309,3
330,190,2
833,448,1
2967,251,2
2805,384,1
1956,164,3
410,483,5
2814,404,2
1935,386,4
2893,249,1
1588,132,-3
547,410,3
1160,435,5
1614,547,1
1421,501,5
111,228,5
730,241,3
1484,349,5
7,408,1
2645,236,2
2048,193,1
866,310,4
381,348,4
2679,185,4
618,292,3
1585,493,1
1070,432,2
670,408,5
436,477,1
1419,104,4
51,165,3
528,520,4
2812,466,1
1992,412,4
224,311,4
1060,119,5
1845,515,3
1940,344,5
1495,115,2
1737,545,4
2764,82,2
29,346,5
1057,203,5
2518,466,4
199,476,3
164,125,4
1886,376,1
2455,379,3
1744,346,3
97,274,2
1202,366,4
72,458,3
1220,37,5
458,366,1
2177,406,2
718,87,5
388,130,2
2593,506,4
1126,354,4
2823,250,5
2331,470,1
314,335,3
157,151,5
2965,104,4
2100,81,3
2609,310,4
1642,23,2
1053,82,4
477,197,5
1069,311,5
2106,250,1
1533,485,2
1790,282,2
1134,514,1
2477,409,2
2778,292,3
21,417,2
77,425,2
1126,274,4
2454,326,-1
907,231,1
2905,333,2
262,295,5
1887,431,-5
1347,399,4
2285,13,3
1396,328,3
1821,156,4
2044,216,5
2858,175,4
1048,413,1
2707,81,4
2300,354,1
851,543,3
1246,299,3
1850,479,1
639,171,5
1441,442,4
96,291,5
2011,241,4
2202,135,-4
2487,127,1
1621,224,2
454,297,2
652,411,5
1674,361,2
1713,286,3
1488,109,3
2058,549,5
1607,231,4
2027,476,3
1841,161,2
1639,296,1
2182,343,4
2688,177,1
1571,429,-4
1681,194,1
2535,230,2
2498,516,1
2456,419,1
1332,256,2
2332,484,1
1517,24,5
2680,399,5
2095,198,2
1876,378,2
718,484,-2
1322,136,3
266,32,2
2366,473,4
1004,455,2
725,473,5
2628,114,5
1357,164,2
1894,72,1
133,417,5
1926,395,1
1709,267,5
496,547,1
1797,493,1
1200,408,1
1489,410,5
2578,451,4
509,107,2
1076,115,2
1502,423,3
582,249,4
861,271,1
1352,76,4
2905,504,2
1065,351,3
2823,456,3
1845,265,5
1128,37,2
607,535,3
107,227,3
2309,372,3
1257,163,5
2597,313,4
2921,451,3
633,132,2
2489,300,4
1054,234,1
867,311,2
2394,13,3
1492,521,5
1663,489,5
698,353,2
2405,514,3
2144,384,4
1988,174,5
1975,180,4
1556,15,1
1403,231,3
846,230,2
1140,123,2
1461,511,4
2333,13,5
936,208,3
2721,34,4
2566,102,3
2079,69,3
2267,548,5
326,58,4
2322,536,2
1003,263,2
2826,251,2
2825,468,2
165,273,5
1137,94,2
261,136,5
1241,63,2
933,250,5
2381,489,4
403,550,-1
1307,75,2
1960,120,4
342,488,-2
410,221,5
1996,308,5
40,441,1
2950,454,2
2413,468,1
1032,417,5
1109,505,2
1347,520,4
2107,291,3
1083,545,2
1398,282,5
2061,317,4
457,187,4
27,327,5
1928,508,2
733,68,4
2757,312,1
1816,351,5
749,199,1
950,219,3
2056,313,3
2173,484,1
2805,308,5
862,159,3
641,197,4
704,162,5
2714,161,3
2116,486,5
1708,276,-2
1077,484,3
1519,149,3
1367,363,3
1843,316,4
2308,403,4
24,414,1
1675,363,2
1872,281,1
2885,208,2
2712,263,3
1530,25,3
1752,392,3
2286,205,2
2530,516,4
1123,110,1
996,165,3
2961,492,5
1925,48,4
2818,499,2
1148,385,-1
416,58,3
1131,379,4
1165,114,-4
551,76,3
1695,156,2
2416,307,5
820,91,4
1005,336,5
2239,267,5
2176,299,1
576,70,3
1480,457,2
755,329,4
933,472,3
1365,204,3
1046,24,2
489,421,4
1624,499,1
2165,62,5
1530,17,5
1791,33,-5
1340,504,3
2355,342,1
310,95,5
461,545,2
2104,90,5
1919,196,1
2802,442,3
1908,463,2
2665,339,1
745,348,4
2162,443,1
1645,301,1
2555,400,1
35,231,3
1750,155,3
913,335,5
1875,206,5
1453,157,2
608,212,3
744,104,1
2185,41,-2
2213,357,1
1342,323,2
2696,214,2
1241,168,4
1111,239,2
1456,28,2
1801,127,4
105,455,2
1559,51,4
1797,409,2
843,390,5
511,96,2
2076,529,1
668,215,1
2004,367,3
1701,196,2
372,520,3
1958,262,5
459,468,1
30,390,4
1640,103,3
1477,318,1
1779,308,2
2873,87,4
1931,17,3
2989,332,1
577,255,2
2313,10,2
2125,160,2
2848,482,1
251,215,3
1523,425,2
1718,177,2
2125,156,2
1496,113,2
123,510,2
1254,414,3
1087,329,1
106,340,1
1928,36,2
1670,48,5
1545,538,2
648,103,1
1429,229,1
1720,68,1
1949,476,4
2199,451,2
2471,1,3
1951,481,3
526,331,5
1498,99,4
2019,201,2
899,528,2
585,231,1
389,414,3
2520,108,2
927,257,2
2991,309,3
2911,474,5
2130,530,5
1093,135,3
1729,384,2
2374,36,4
2589,50,2
747,15,2
2600,35,2
664,407,3
48,493,4
1409,193,5
1662,463,2
1857,270,5
1802,121,3
2685,527,3
1382,191,3
1397,500,5
1870,99,-3
2127,270,1
1497,437,1
2226,130,1
931,469,1
493,303,2
1424,315,4
1787,85,5
748,408,5
799,146,2
69,204,3
2153,156,5
2174,538,1
2184,372,5
944,544,2
1534,163,1
2787,170,5
927,156,5
2498,435,2
1141,51,4
1215,400,5
1726,488,4
1319,140,3
2,77,3
2902,320,2
2512,69,1
1681,144,2
1970,165,2
1603,164,4
1602,199,2
1436,73,2
1132,144,4
506,156,2
1817,146,3
1342,12,1
2133,319,5
421,483,2
2706,449,3
512,466,2
289,350,3
168,391,3
463,478,4
2397,173,4
1193,231,5
423,91,5
2454,372,2
2724,507,4
1728,59,1
1148,283,3
2623,521,3
1719,258,3
341,14,1
2921,498,2
2400,507,2
2422,445,3
426,500,5
2485,385,5
2126,392,1
2465,111,5
2633,101,5
389,121,2
1478,432,4
2943,41,-3
2651,451,-4
2349,536,1
1634,443,1
885,186,1
2583,337,1
1198,423,1
2987,468,3
1469,353,3
1019,284,4
196,333,-4
2864,270,2
858,330,4
1428,177,4
365,342,3
2525,234,3
1253,104,1
2620,416,3
2547,510,2
1568,208,-3
2898,498,3
1381,449,3
653,173,3
66,115,2
2384,318,5
2869,304,5
2205,183,4
2534,78,2
383,93,5
2717,415,3
598,349,5
1450,407,2
1578,107,3
2513,85,3
921,454,1
1008,159,3
108,507,2
2848,225,2
926,451,2
596,13,3
999,22,5
1980,450,4
2279,197,4
763,532,5
1637,397,3
2895,373,3
1767,380,3
962,328,5
1463,79,2
1318,253,5
2372,132,1
2079,488,5
1285,108,5
934,357,5
918,477,3
2353,55,4
2535,449,4
2421,447,1
702,23,5
1837,59,3
1953,152,1
2794,363,1
2945,283,5
1033,29,5
2011,442,2
1624,221,4
1270,312,3
953,521,4
591,323,1
2497,55,3
2407,123,1
2515,66,-5
1695,166,2
1020,184,2
121,507,1
1360,92,1
1653,397,4
1562,486,2
1407,188,1
1275,364,2
2897,441,3
2047,93,2
1068,412,2
929,360,1
1392,463,1
2146,264,1
2483,63,5
243,383,1
691,2,5
52,5,3
1576,314,1
2327,384,1
707,194,5
2041,187,5
895,354,1
2799,159,5
1533,182,4
2894,182,5
610,456,1
2549,40,5
493,320,3
442,358,2
2418,531,2
409,510,-2
2472,159,5
1382,466,5
1593,459,1
2740,68,3
1009,375,2
981,503,2
1656,43,3
241,492,5
405,533,1
2718,329,5
2307,545,5
1615,206,3
1313,139,4
812,300,4
1656,446,4
338,503,1
2013,107,3
2299,496,5
1593,314,4
1177,57,5
171,193,1
1258,178,3
197,548,1
194,311,4
772,361,5
215,445,5
2147,183,5
1519,46,2
405,469,2
908,328,1
2925,209,4
847,16,1
1563,211,1
1190,5,2
2702,339,2
1598,234,3
1647,46,2
581,253,5
2739,265,4
2787,318,2
2677,280,4
2828,11,4
1695,387,3
777,500,3
2459,11,4
172,460,2
2716,229,1
2612,118,1
651,501,1
752,550,3
686,263,4
1167,550,3
1167,268,1
490,405,2
355,510,2
521,531,1
1921,491,1
457,235,1
1590,189,1
2842,70,2
1786,380,4
585,453,5
169,516,2
862,326,-1
2330,15,2
1399,257,2
1435,474,2
2639,58,4
1557,157,3
2071,66,2
754,200,3
2696,450,1
1805,72,2
2465,542,3
2281,165,2
2242,326,1
457,67,4
2122,548,1
2534,174,3
1518,40,2
426,240,1
1562,4,5
240,397,5
491,230,1
2309,76,1
2658,488,5
2642,396,3
2809,397,4
974,503,5
1025,354,4
1963,157,4
2198,369,2
592,294,2
1592,264,2
1508,22,4
1229,148,1
1884,421,5
930,412,2
2567,362,2
1663,432,4
1887,464,4
1592,475,3
1384,334,4
546,543,2
1008,223,2
2329,200,5
1489,475,5
1673,384,3
875,403,2
1927,112,5
2672,464,3
2555,423,1
817,223,3
2260,161,4
2120,443,2
1815,25,2
1581,177,3
2788,160,4
2356,203,2
1685,325,4
1007,134,4
1296,544,1
2770,100,1
352,22,1
217,340,1
1284,366,2
617,219,3
271,372,5
1293,458,4
1387,180,3
1243,104,5
655,156,2
1701,122,5
2533,420,2
2301,481,3
2827,256,1
2720,151,4
398,41,2
1561,485,4
1954,175,1
2401,372,4
2396,187,4
82,504,5
1409,348,1
1516,71,2
553,308,4
613,114,2
2598,329,3
2914,86,3
2470,507,1
2548,428,2
1496,259,2
2103,287,5
97,502,3
684,54,2
2870,314,3
1839,444,3
166,280,4
2701,83,3
2259,33,2
2557,11,5
79,310,-4
818,482,4
1591,37,3
2855,385,3
1503,525,4
1668,351,2
1419,268,-5
791,501,3
1093,86,4
2752,87,3
2085,117,1
527,110,-2
305,182,3
267,158,5
971,90,1
40,14,3
2530,73,2
2387,472,3
2724,109,5
500,58,2
818,84,2
376,94,1
1774,239,2
205,82,4
1313,543,2
1950,203,4
2480,191,4
1180,63,4
758,520,1
326,181,2
1079,148,5
2357,194,1
2879,78,2
767,330,2
666,405,5
1216,423,5
2624,293,2
1748,257,3
987,544,1
2683,258,3
661,67,1
258,506,3
248,441,1
2761,457,1
2763,91,3
2410,371,5
2778,68,5
1075,327,4
1467,492,3
2047,308,4
1284,195,2
2406,175,1
2830,362,4
1905,473,3
1652,475,4
1853,157,2
1580,430,1
572,325,4
2590,153,4
1498,15,4
2711,177,2
2429,189,2
389,17,4
1935,154,3
1382,203,1
2038,402,2
1244,285,2
779,499,5
2965,512,4
1783,164,4
2728,62,3
435,69,3
2892,489,5
1186,145,2
2125,507,2
1706,503,1
1262,163,-3
2583,319,5
1758,125,5
531,543,3
1398,383,2
1514,485,1
73,458,3
1709,253,2
1337,240,3
2597,488,3
2274,349,5
1357,200,2
1319,235,5
2497,243,2
2002,482,1
1284,524,1
1574,152,5
1318,84,5
2011,474,5
2982,273,1
1842,399,2
1132,147,3
242,486,2
915,4,3
1459,495,5
599,280,3
1986,322,5
2197,205,2
2448,124,3
249,200,5
2065,290,2
1541,434,1
1222,268,2
591,304,1
119,432,1
1510,477,2
1830,392,5
643,455,3
442,281,4
1131,203,5
1857,292,2
2403,132,3
70,127,1
1338,489,3
581,323,4
2254,27,4
2648,332,4
730,335,5
142,290,3
2317,41,5
229,136,4
262,70,2
621,105,5
670,241,1
1476,366,3
333,423,3
285,505,4
2233,64,5
1706,406,2
2246,92,2
1838,163,1
1069,233,2
232,25,1
2634,231,4
174,44,2
953,157,2
2051,328,3
1588,406,-1
2090,297,4
97,425,5
279,42,2
2416,37,2
941,504,1
1432,83,5
1508,522,2
1627,218,-2
2197,8,5
1153,273,5
1534,524,4
655,207,5
1050,343,2
1340,267,4
489,293,4
119,457,5
2669,525,4
839,190,1
171,397,1
843,205,5
1224,220,5
1243,370,4
223,236,5
1034,223,5
98,318,1
887,186,3
846,512,4
2949,336,4
1601,170,4
1967,293,2
319,110,1
128,52,1
1124,1,3
1823,391,5
654,100,1
1508,221,2
1734,382,1
1147,428,1
1219,36,1
1238,146,3
1872,210,1
2608,32,4
716,15,1
353,241,4
2375,280,3
93,492,1
2996,157,2
267,408,4
123,39,4
1772,477,4
717,14,5
181,65,3
2908,289,4
831,274,1
2750,279,2
962,459,1
2664,46,5
1784,501,2
2931,49,3
1492,91,5
1505,468,4
2231,168,3
2698,381,5
2215,150,3
2619,356,4
713,412,3
1915,356,3
605,507,5
1671,369,4
355,260,2
1364,368,4
1847,169,1
1407,519,2
2453,350,5
2592,164,5
572,211,4
335,430,1
2054,43,5
426,5,3
2255,169,2
2802,343,4
479,334,3
2247,405,5
2691,403,2
2364,360,-4
2818,109,2
2624,465,2
2843,193,-1
2067,111,4
592,74,3
991,416,3
858,99,2
97,17,1
1212,124,2
761,74,1
1039,464,1
1729,367,4
44,308,3
1589,384,2
1245,439,5
2416,490,5
2431,43,4
130,512,3
1440,32,3
2870,485,4
2208,101,4
2821,360,4
112,390,1
1997,89,4
1033,95,1
1006,97,4
1556,346,2
2473,481,1
1323,318,5
2884,463,2
2514,421,1
43,132,5
2766,29,-5
1821,71,5
743,475,3
2856,398,5
2678,50,3
2399,121,5
2012,179,4
1202,167,1
1190,340,4
450,159,1
816,494,4
1021,6,4
2679,181,4
180,310,2
916,349,5
2021,235,4
2871,119,1
674,143,2
2479,25,4
2033,376,4
85,538,3
2601,109,4
1941,35,3
1788,433,1
267,90,3
2723,367,4
1644,520,2
564,124,1
664,89,5
766,202,4
2703,383,5
1078,490,1
2689,190,5
1693,119,5
163,238,2
604,308,2
2874,401,1
1524,62,5
50,116,5
2728,273,5
2174,10,3
562,328,2
1968,219,2
2720,487,4
1961,220,1
707,398,5
2595,73,2
2733,131,5
596,70,4
2103,75,5
675,253,4
2563,371,2
1076,417,1
1769,44,3
1617,29,2
2752,383,4
1843,231,2
1964,522,4
2647,162,2
2454,534,3
2037,77,4
2457,32,4
272,87,2
2628,41,3
1137,403,3
1903,350,3
2193,335,3
1925,524,4
1582,141,4
1381,94,4
1403,546,5
2525,65,3
2577,275,3
1184,526,2
1283,332,2
2319,196,3
1255,197,3
2121,422,3
1081,435,2
2512,143,3
779,371,5
2265,329,2
1896,533,2
481,299,-2
843,346,2
2653,509,3
1007,402,4
2938,278,5
1881,350,2
1044,74,3
510,386,5
1611,4,1
774,261,4
1863,284,5
2325,431,2
1089,53,4
2573,502,5
443,488,4
1585,321,1
573,186,1
1481,56,1
288,285,1
2247,549,3
522,99,4
840,41,5
246,11,1
1383,284,3
1761,247,2
903,274,5
1449,243,2
95,325,2
704,393,2
2219,18,2
374,277,4
511,98,2
1665,227,2
1883,170,2
903,287,1
13,245,3
1783,396,4
875,238,1
336,419,4
1813,154,4
2520,390,1
2218,279,2
2758,504,4
2147,351,3
85,512,5
2522,398,4
2485,211,3
592,80,-5
2863,387,2
1655,213,2
1288,362,4
1123,255,3
946,389,5
1924,25,5
1000,67,4
2921,23,4
2342,354,3
1561,21,4
1788,457,4
367,448,3
1427,235,3
1502,267,4
648,173,2
2399,530,-5
2175,201,1
1563,374,1
937,93,2
379,52,3
325,538,3
1856,153,3
581,447,3
762,235,4
1277,171,5
274,238,1
2544,54,5
2682,181,3
2245,482,4
688,242,1
801,79,1
416,276,2
2188,128,4
2267,378,2
626,547,2
1007,9,3
704,279,5
85,513,5
233,404,2
685,50,4
639,136,2
2495,377,-5
1144,474,2
1864,180,1
2923,255,2
2622,44,1
1546,140,1
1177,472,5
2007,405,5
2218,414,5
1912,533,3
2481,415,3
2145,418,2
2061,512,2
150,212,1
2457,377,3
474,423,4
1540,307,3
98,323,4
814,17,2
1784,151,4
2419,144,3
1624,251,2
68,233,4
1036,499,4
1911,477,3
839,475,2
1704,53,2
597,104,3
1533,55,3
1906,396,4
320,302,3
2100,489,1
1964,70,3
1358,199,3
2076,170,1
415,150,5
1105,62,1
2087,224,5
1521,25,4
1653,343,5
1886,356,5
1338,292,3
209,530,5
506,449,4
1776,527,1
2730,519,1
629,387,3
2706,451,3
590,146,2
382,394,3
1616,226,1
181,311,1
545,200,4
2332,199,4
622,438,5
2328,262,2
3,68,2
154,272,4
271,225,4
679,506,1
328,471,3
2527,382,4
1058,339,3
2158,160,5
2131,286,5
1005,232,1
1778,495,3
1345,522,3
2044,415,1
2424,308,3
437,152,5
916,225,2
1902,157,1
2857,518,3
1691,410,4
2321,340,3
333,249,2
2553,493,1
1286,59,4
1663,443,2
1697,485,1
1368,380,1
1262,242,4
2015,406,5
877,416,4
964,294,2
2501,169,3
653,335,5
1544,85,1
337,85,1
615,439,4
379,156,1
9,483,2
134,137,3
1503,366,5
359,42,2
1269,339,1
160,85,1
2517,1,2
697,401,4
441,274,5
1194,539,1
2510,292,2
267,474,5
1065,162,5
394,509,5
917,291,1
1612,347,2
2847,485,4
1470,522,3
1203,411,4
964,317,3
863,247,4
610,159,1
326,61,5
483,152,1
1839,130,2
2961,76,3
1363,328,5
980,494,4
1679,126,5
2988,310,2
1939,35,3
642,401,2
1414,68,1
129,259,4
765,510,4
2697,408,3
1842,137,3
2898,433,3
2321,189,1
673,257,4
382,499,3
607,44,2
984,526,5
2029,285,2
2953,185,4
158,10,3
2914,352,5
1528,346,1
429,495,5
827,217,2
1362,518,3
2175,401,5
2419,202,4
2996,41,4
2946,298,5
1870,46,3
1363,19,4
2414,65,4
1710,475,5
2343,237,3
2421,229,4
1085,308,1
940,261,4
1087,5,5
939,42,2
1841,245,4
10,441,1
312,281,5
2239,427,1
2056,314,5
2717,53,4
2377,219,-5
2709,295,1
962,399,5
2973,337,2
2233,206,1
2807,440,1
1347,252,4
85,102,2
2995,265,2
2693,300,3
1703,166,4
836,168,3
400,296,3
2222,71,1
638,125,1
982,68,3
734,117,4
1383,125,5
2190,477,5
501,493,5
1140,86,3
377,362,2
1589,194,5
1026,19,5
354,65,2
598,351,2
2139,548,2
1961,360,1
1394,399,4
425,525,4
870,172,2
2544,496,5
2857,69,2
2692,507,5
1876,397,3
2632,378,2
172,38,4
771,4,5
1456,18,3
2658,347,4
31,323,4
350,138,1
2436,534,5
478,140,4
2025,349,1
2560,34,3
1008,320,5
1744,301,1
437,57,3
2724,141,3
1555,157,3
1393,422,1
2175,373,1
2041,316,3
1667,24,1
1168,336,2
2916,96,2
2151,103,3
465,98,3
1368,326,1
749,218,5
323,238,1
1133,319,5
2218,82,5
2365,305,5
2695,305,1
1654,42,3
1722,96,3
1103,54,2
282,97,5
17,110,4
175,481,3
1663,110,3
651,254,1
1369,173,2
2657,107,1
1927,224,2
694,522,2
1671,6,5
1120,193,4
2243,244,1
1761,217,5
2732,398,2
2162,300,3
558,415,5
1686,295,3
1021,128,4
1045,510,1
470,416,5
784,260,2
2362,189,5
492,255,2
2913,42,2
1024,48,1
2802,405,2
894,284,1
2354,3,2
2938,114,1
1694,110,3
846,458,2
603,127,3
1332,421,4
2702,532,3
1817,207,2
847,399,3
771,249,4
2003,281,4
201,259,1
1775,475,2
252,62,4
2148,297,2
1694,114,3
577,291,3
726,437,1
1939,543,1
2403,466,3
1242,230,4
823,283,4
1600,277,2
1968,226,4
547,18,2
2643,498,4
897,522,2
450,275,3
2139,261,1
1114,529,3
1654,21,1
2324,110,2
1159,259,2
2738,543,2
2571,509,5
14,153,1
1341,430,5
1398,2,4
793,192,1
1255,436,3
2851,279,5
818,412,5
2316,366,1
1557,484,5
804,251,3
188,345,3
1931,247,5
1366,505,2
1765,17,1
423,141,2
1683,45,2
1914,423,5
298,106,5
1808,139,2
879,224,3
397,38,3
48,419,1
1149,461,2
383,349,2
2506,122,1
1026,550,2
181,488,3
2217,172,1
2006,222,4
1355,103,1
2064,235,5
1138,1,4
2853,358,3
1853,169,1
400,22,3
789,177,2
960,47,2
803,215,2
544,303,4
251,461,2
2534,138,1
483,210,3
2569,307,-4
631,65,2
1941,388,1
702,384,1
2184,180,4
445,87,2
868,75,2
1701,112,4
940,171,3
2924,533,5
2774,544,5
2399,338,4
645,546,5
884,460,4
706,456,3
1294,267,5
878,21,2
1663,303,4
2194,477,1
2382,119,2
221,236,5
464,491,4
2661,139,1
2122,185,5
950,130,2
208,521,5
2227,76,2
2208,86,-3
2151,96,3
1070,341,5
558,183,1
1752,503,2
573,226,1
2122,152,5
1812,74,4
2953,83,3
1888,169,3
1384,31,1
48,28,1
2962,32,1
1321,169,5
333,85,2
1970,101,4
2208,381,1
2584,27,2
1448,321,4
2754,118,5
2645,297,3
1069,164,1
2236,152,5
2737,489,3
2012,535,1
617,180,3
2054,44,-3
1555,481,1
2078,446,4
108,46,5
201,3,3
1007,387,3
2608,350,1
1481,529,3
2172,154,-4
1548,126,2
1692,153,3
2096,234,3
1514,51,-3
1271,175,5
1538,43,5
2926,41,4
218,417,2
985,421,5
2516,472,5
1455,18,5
2607,539,2
516,67,1
1097,49,1
1605,259,5
509,542,1
1072,265,2
2243,486,4
1020,529,2
1549,193,5
2654,66,4
1097,249,2
2757,68,2
2854,410,5
2777,303,2
2137,315,4
1219,163,1
995,430,2
1509,542,4
877,107,3
1032,85,4
168,400,3
2588,400,2
1453,383,3
174,192,-4
939,378,3
2227,192,3
786,24,1
1925,387,3
1685,287,3
2102,544,5
93,232,1
1509,248,5
2857,513,5
731,283,3
2972,138,4
2499,64,3
154,297,1
1194,245,2
886,214,3
796,539,3
2405,323,1
1617,228,2
419,93,1
2914,466,5
1911,127,5
198,204,2
2431,94,2
2018,222,2
1659,331,2
161,417,1
2963,79,1
2507,518,4
1342,399,1
1892,513,4
2264,538,1
44,190,2
109,31,5
438,343,4
459,131,5
2146,14,2
2820,387,3
1935,510,3
2988,291,5
491,426,1
2544,219,4
1507,355,2
238,79,3
2473,73,1
2155,294,1
2209,300,2
948,407,5
1956,352,1
2403,143,4
798,175,2
884,518,2
302,246,4
1127,344,3
1714,79,1
1046,38,3
533,533,5
1669,44,3
2583,22,3
974,505,4
1756,446,1
2128,99,1
528,437,1
173,198,1
2131,209,3
1600,408,5
363,28,4
631,467,1
1313,218,1
719,224,3
1395,365,1
1761,522,5
752,447,5
446,498,4
1739,147,5
864,538,3
1190,42,1
992,312,5
21,541,4
795,351,3
973,489,5
2166,140,4
189,218,2
2643,384,5
2965,128,1
420,380,4
2831,19,5
195,520,-3
2313,67,3
1171,187,1
2928,464,-3
2388,170,4
2449,431,5
2346,385,3
2264,468,1
2139,303,2
2193,375,5
1574,255,2
1354,106,3
88,513,3
2333,200,2
780,111,2
914,302,2
1761,414,5
2294,57,4
2549,24,5
1938,159,4
2623,121,4
1711,32,4
713,222,-3
2301,234,5
2486,226,3
2745,371,2
2131,142,5
72,292,1
1412,418,1
584,445,3
123,151,4
2419,368,5
2772,151,4
2708,273,1
2256,392,-5
1550,353,4
2582,75,2
62,494,4
403,150,2
2165,322,5
1380,124,3
787,274,4
2218,153,2
2407,319,5
1114,42,1
673,490,2
5,7,5
1779,401,4
257,57,1
1586,516,2
308,84,2
2507,343,1
197,68,4
2162,58,5
2656,286,1
1201,75,3
223,465,4
726,535,2
2386,454,4
2569,148,1
2990,378,2
2612,287,3
69,508,4
1814,289,4
665,60,4
573,413,4
2751,134,5
562,353,-1
2276,95,4
2970,486,4
196,165,5
2865,69,3
94,407,5
2764,547,3
276,200,2
831,465,2
366,136,3
1466,176,2
1413,411,1
1914,82,4
44,210,2
2778,105,1
2470,168,1
1556,116,2
1729,244,5
2743,326,2
1916,508,5
2349,354,4
497,195,2
1833,77,5
1216,315,3
2428,51,2
2371,331,1
577,406,3
2091,45,1
1767,283,3
217,243,4
840,257,1
1632,482,5
444,146,4
2047,526,2
765,77,1
662,95,4
2413,550,2
420,199,3
2128,430,2
2346,349,4
2996,449,2
1745,238,5
996,118,-5
726,327,4
120,347,-2
2345,461,1
2019,439,4
2789,122,4
1960,63,4
2034,242,-4
2123,151,1
1496,3,4
2215,148,1
2699,176,2
918,358,3
2761,164,1
1612,375,1
1373,459,1
2813,272,4
2333,154,1
2142,179,1
2338,143,3
2326,408,4
2434,41,5
2420,548,3
964,441,5
2495,296,5
67,163,2
155,339,1
2479,236,5
1775,257,5
1196,134,3
2481,346,5
2098,68,1
1162,356,4
2565,520,4
147,452,1
1463,184,2
2229,412,4
1600,490,2
2209,192,1
2522,463,3
1559,80,5
261,473,4
2501,545,4
1575,154,5
2354,447,5
2037,158,2
1312,529,5
804,506,1
2635,545,3
2792,537,1
1633,191,2
1511,54,-3
123,370,4
1561,340,4
2332,40,1
2757,128,2
1146,181,3
1535,275,3
748,537,4
1887,404,2
575,362,5
1205,191,2
2597,137,-5
2360,276,4
911,200,-5
2346,106,3
1659,169,-3
327,336,2
2184,346,4
729,352,4
687,176,4
2414,227,2
1407,543,5
2812,379,1
916,517,1
2294,401,3
1499,27,4
2126,270,4
2289,333,1
2499,329,4
2786,295,3
919,8,2
1256,123,5
2364,77,1
1972,496,2
193,204,5
2887,342,-5
967,276,1
353,373,2
1616,315,1
1333,301,4
441,335,3
829,110,2
2986,178,3
2537,220,4
1950,538,1
976,437,4
1300,47,1
2543,273,2
2856,112,3
357,37,3
727,468,4
2522,542,1
2852,537,4
2300,62,5
540,490,1
1113,370,2
963,527,5
2285,357,4
667,141,3
2284,439,4
240,333,5
2075,426,4
2208,453,3
1224,172,2
2019,346,5
1382,287,5
2590,348,5
1729,373,3
2920,295,2
2057,132,3
2517,122,1
2840,439,3
105,140,1
162,44,2
1257,382,2
2402,238,1
969,135,1
1336,325,1
854,6,3
1393,493,1
2138,209,4
2276,187,1
1163,311,3
2130,538,5
1570,396,5
2540,503,2
2047,228,4
1840,452,3
2635,424,-2
27,133,3
2111,172,3
1180,215,1
2154,224,2
2899,109,2
780,65,2
820,147,1
2568,313,5
380,61,4
34,93,5
1003,426,3
2006,164,2
2940,475,3
100,546,2
1932,414,5
2893,90,4
725,186,3
1967,476,3
1067,372,5
2572,273,4
556,389,2
2340,34,3
584,93,5
2744,465,4
2694,247,1
1608,55,5
745,451,1
2644,481,2
260,469,2
813,454,2
2313,191,1
1335,187,2
636,220,4
702,104,-4
1340,78,3
968,148,2
683,333,3
2878,251,5
2213,209,3
2278,316,3
1712,126,4
2969,475,4
897,166,4
1188,254,1
2339,341,3
1040,511,5
2931,120,2
1831,450,1
766,179,4
287,166,1
1357,253,5
1920,540,4
2945,116,-2
2009,335,2
2374,532,2
536,153,1
2766,101,2
1493,407,1
2245,193,2
155,46,3
2271,501,5
2810,477,5
2063,519,5
1796,358,2
2840,382,5
1464,190,2
2611,548,4
250,42,2
72,285,3
968,398,1
2346,329,1
1886,69,3
668,216,5
384,24,2
2634,172,5
1427,25,1
1241,204,4
1136,524,2
233,202,1
2362,426,-4
339,216,5
2048,96,5
472,149,4
199,155,2
474,213,2
484,472,4
1912,143,1
472,92,1
462,392,4
429,133,2
172,124,5
2956,33,4
558,352,5
1793,255,2
2552,220,1
1203,198,4
1558,346,2
2197,14,2
1866,309,5
425,154,3
722,103,1
1166,24,5
2798,405,5
576,346,1
2362,335,2
615,294,4
528,18,5
794,376,3
2956,390,1
2684,2,2
2932,354,2
2845,509,1
399,235,4
486,146,3
782,435,3
2252,335,5
1502,397,3
534,218,1
1063,77,2
106,145,4
221,433,1
1483,166,4
946,507,3
248,171,5
2538,63,4
2945,88,4
1746,23,4
935,134,2
1153,544,1
1403,328,3
650,8,2
2873,293,1
1023,61,1
70,372,4
2034,463,3
1734,316,5
266,380,-4
2418,357,3
1168,436,2
1009,258,4
436,141,3
1892,445,1
453,46,-5
244,122,5
503,40,2
110,423,5
942,103,4
1633,283,1
2003,166,4
2115,44,5
54,530,1
2977,376,4
440,152,5
125,111,3
2885,63,4
346,201,5
174,419,4
417,253,1
1893,235,3
327,49,3
1480,544,3
2016,308,2
1641,180,-1
2884,202,1
72,446,2
1430,545,5
2771,364,4
1745,440,5
1040,509,1
838,124,5
23,342,2
2749,206,5
1649,161,4
1042,448,4
1790,153,1
1447,66,5
986,142,4
78,33,1
1090,413,4
1744,103,3
1354,26,1
478,52,4
2411,498,4
510,259,1
81,269,5
967,70,5
2867,277,5
13,323,2
2735,68,-3
706,44,3
2501,514,1
2416,305,5
2036,405,5
2168,505,2
2655,67,2
1898,450,1
1699,392,5
2280,300,1
1683,392,1
609,222,4
1175,51,4
1966,273,2
956,179,3
1790,188,2
2822,528,5
2438,297,5
2329,117,5
1828,16,1
2915,271,2
1765,143,1
878,479,1
2112,472,5
703,109,1
1683,57,2
2707,29,3
390,86,2
1513,526,5
2067,460,2
459,86,4
92,516,5
1187,521,1
290,409,3
1246,548,2
659,124,4
1459,535,5
955,451,5
1532,449,1
2209,177,1
106,266,5
192,429,4
1312,485,-1
737,194,4
2308,88,3
2440,413,1
2655,87,2
2093,512,5
1108,170,5
2747,434,5
2068,155,4
2975,402,5
2746,489,1
1095,45,5
1453,235,1
1060,91,5
1735,116,3
1750,46,4
2261,255,2
1997,291,5
2287,230,3
2961,387,3
439,472,5
2698,408,2
1200,47,5
1728,290,5
1542,393,5
1019,272,5
1759,27,3
1856,524,3
622,67,4
48,157,5
1385,105,4
584,164,3
2376,249,4
1128,129,1
2059,228,3
2190,410,5
2854,514,2
2516,43,4
564,265,4
1965,155,5
1824,70,4
91,65,1
1229,76,2
463,255,3
2709,168,2
2928,418,1
953,219,4
2948,418,1
1400,192,2
180,261,3
2279,524,1
1641,341,1
679,369,3
1238,508,2
1074,128,5
399,440,3
2664,33,2
2855,297,3
116,427,4
259,482,4
268,529,2
2868,265,5
2205,43,5
2217,3,4
1892,149,1
1113,82,4
1110,424,5
429,232,3
2550,190,4
2567,386,3
2237,433,5
2717,255,5
1622,451,3
2076,391,5
1280,93,3
1394,268,3
2703,51,1
509,139,5
2784,185,1
2816,490,3
1010,391,1
1439,117,1
1944,81,4
2797,64,2
2442,405,2
1726,322,2
1683,129,1
2109,267,3
1526,58,4
1989,8,1
102,309,2
1224,544,5
1025,184,1
1202,386,4
2796,281,5
2513,446,4
2038,421,1
1339,447,3
663,15,3
1290,434,3
2008,454,3
2202,30,5
1846,316,3
905,197,5
2493,30,4
536,249,3
1058,415,4
536,189,4
1379,297,1
445,407,3
2473,356,2
220,10,4
657,192,1
717,156,3
742,463,4
1960,486,3
1644,138,3
2512,69,4
114,107,1
725,288,1
379,382,5
1029,547,-5
2620,398,1
26,550,1
444,486,5
2115,406,4
2913,507,5
524,201,1
709,367,4
56,280,4
553,419,3
673,436,-1
604,114,2
220,209,5
1030,235,4
1402,234,4
1417,396,5
197,473,5
1436,173,3
1085,527,2
1269,131,1
2752,239,5
1329,260,3
1100,49,1
2769,440,3
1252,377,3
2672,479,3
597,202,1
457,144,2
632,459,3
2201,504,5
348,462,4
1631,212,-2
2722,301,2
2005,174,1
785,389,2
299,487,3
2926,13,5
249,69,5
1586,253,1
1045,337,2
136,396,5
941,333,5
2061,149,3
2557,235,3
941,313,1
147,107,5
284,406,4
1943,518,3
2107,69,4
1415,177,3
1041,261,3
1072,269,4
220,545,2
2192,371,1
1947,223,4
2886,110,1
2629,329,2
2637,127,2
2199,468,5
2100,262,5
1582,436,5
2162,527,2
2829,63,3
1289,493,5
2880,137,4
429,281,4
2790,141,3
1544,239,1
367,391,3
717,275,2
835,232,5
1842,167,5
965,244,5
423,155,1
2647,512,1
1606,161,-5
861,177,5
2109,51,5
2282,218,2
597,125,1
480,16,2
943,180,1
67,65,5
1581,473,4
1555,118,1
123,521,5
2751,493,4
499,12,5
343,303,2
1527,393,1
1183,64,2
2266,297,3
2662,250,1
2416,523,1
1977,283,4
2255,142,2
1290,317,4
2412,324,1
143,4,2
70,469,4
748,4,3
1143,338,5
1554,449,1
1358,21,1
1786,444,4
1729,276,1
303,14,4
1520,307,1
2904,93,2
1156,2,4
2219,332,1
1634,276,5
1923,43,5
2520,16,3
2301,200,4
1720,208,3
2270,145,4
2189,415,2
1591,471,1
2163,240,5
1776,533,5
485,484,5
2794,497,5
298,373,1
1520,440,2
1487,465,1
2333,466,4
96,243,2
92,90,2
1768,368,4
2585,535,5
2290,192,4
61,310,1
2267,6,5
1510,143,1
1889,370,3
2091,322,1
1887,499,4
1192,93,2
2000,304,4
2467,190,1
396,149,3
377,413,2
1785,273,2
667,145,5
1956,343,-5
2407,77,4
219,271,-3
1092,136,1
2268,355,3
1528,498,1
1307,446,5
518,3,5
580,130,3
2036,1,5
74,51,1
2590,409,2
2885,351,4
1127,55,4
704,217,2
1141,482,2
2061,167,5
2503,336,3
21,60,1
1989,533,5
749,165,3
2938,464,2
370,140,4
297,399,5
1529,7,4
270,61,3
2304,61,1
476,381,1
2501,183,4
448,89,3
762,438,1
179,372,2
1805,55,5
558,205,1
135,474,1
1763,322,1
19,496,3
2870,89,-5
2352,320,5
2914,336,3
930,145,5
2138,480,4
2430,219,4
1412,135,5
1054,286,-4
474,424,1
2558,528,2
1943,208,3
2206,85,2
2972,73,1
1057,341,1
630,361,5
2720,413,2
2805,188,1
1919,304,2
2984,369,4
1049,537,-2
1382,156,4
2171,62,4
1119,446,1
1759,459,2
2410,225,3
1228,516,2
2242,311,2
1303,234,4
2584,306,4
565,49,3
1369,55,4
1820,284,1
1612,369,4
2540,344,3
328,373,4
654,211,5
749,10,5
140,342,3
439,44,4
2577,317,-1
2729,105,2
409,86,1
1896,520,4
389,20,2
1346,303,4
2794,399,1
2813,182,-2
2597,25,4
2938,380,2
1291,275,1
2796,182,1
339,139,2
1793,322,5
1464,61,1
647,428,1
324,328,1
1382,220,2
1422,266,4
2596,348,1
1795,290,1
2017,103,4
2885,196,2
1900,51,3
2902,375,1
945,68,1
40,403,3
2776,222,3
2955,13,2
2827,122,1
1137,357,2
129,220,4
187,519,5
2862,292,1
295,308,5
385,227,3
2521,179,5
1472,355,2
1532,349,2
188,371,4
290,35,1
1670,499,5
2366,14,1
1630,439,5
241,76,5
1585,450,4
1077,46,2
1962,513,3
2845,129,2
2713,199,5
1184,315,5
2863,384,2
85,3,4
2011,470,4
644,343,3
33,224,-2
2593,357,1
299,506,2
1555,321,3
533,401,2
1171,109,4
2201,261,2
2385,63,2
2710,154,2
907,316,3
391,72,1
131,41,4
2773,48,3
1001,6,5
2277,424,5
1038,249,1
621,120,1
1573,403,4
901,140,5
27,289,3
1870,343,5
2280,462,3
2317,191,1
701,434,3
687,405,1
946,247,4
2749,184,1
2844,145,4
1516,363,5
765,80,3
1893,475,1
2847,130,1
1823,118,1
1411,166,-2
2924,7,2
775,442,2
406,176,-1
1445,538,1
2140,501,1
2812,375,5
387,445,1
460,516,4
